indicateur,portefeuille,nasdaq100_reconstitue,nasdaq100_hors_memoire,version_4_lignes,version_trio_avgo,version_4_poids_egaux,version_8_lignes
pe_ntm,15.868322,22.248244,27.351362,15.874939,15.952865,16.647885,17.813376
g27,38.408113,39.513915,31.433256,40.143894,40.032684,42.327015,43.750465
peg27,0.41315,0.563048,0.870141,0.395451,0.398496,0.393316,0.407159
g_lt,20.63623,7.675307,13.972133,20.448378,21.464297,19.559246,20.028127
peg_lt,0.768955,2.898678,1.957565,0.776342,0.743228,0.851152,0.889418
beta,0.9375,1.599353,1.494123,0.971667,0.85,1.18,1.53
div,0.4205,0.356919,0.38481,0.491667,0.533333,0.52,0.372
part_ia,0.25,0.377376,0.320982,0.333333,0.333333,0.5,0.52
tcam_bear,-0.07799,-0.122914,-0.125427,-0.073313,-0.073367,-0.085944,-0.107375
tcam_base,0.247695,0.103087,0.110311,0.245372,0.256153,0.228333,0.225608
tcam_bull,0.40869,0.23124,0.237607,0.409582,0.44136,0.395034,0.409352
tcam_esperance,0.241655,0.099752,0.105324,0.241288,0.25847,0.226049,0.227891
couverture_ndx_pct,,74.17,
