poche,part,rendement_fonds_hyp,tcam_esperance,tcam_double_choc,tcam_krach_ia,tcam_bear
ETF Nasdaq 100,0.0,,0.241655,0.07089,0.202954,-0.07799
ETF Nasdaq 100,0.1,,0.229541,0.074242,0.188741,-0.082193
ETF Nasdaq 100,0.2,,0.217058,0.077563,0.173999,-0.086455
ETF Nasdaq 100,0.3333,,0.199793,0.081944,0.153435,-0.092232
ETF Nasdaq 100,0.5,,0.177105,0.087346,0.126076,-0.099611
Fonds small caps européens,0.1,0.08,0.228163,0.071811,,
Fonds small caps européens,0.2,0.08,0.214211,0.07273,,
Fonds small caps européens,0.1,0.12,0.231028,0.076111,,
Fonds small caps européens,0.2,0.12,0.220118,0.081257,,
Fonds small caps européens,0.1,0.15,0.233373,0.079614,,
Fonds small caps européens,0.2,0.15,0.22492,0.088132,,
