trio,nb_valeurs_ia,pe_ntm,g27,peg_lt,tcam_bear,tcam_base,tcam_bull,tcam_esperance,tcam_pessimiste
NU + RNMBY + CRDO,1,16.96,40.7,0.75,-0.0818,0.2685,0.4453,0.2653,0.1836
NU + RNMBY + AVGO,1,15.95,40.0,0.74,-0.0734,0.2562,0.4414,0.2585,0.1696
NU + UBER + RNMBY,0,14.85,35.8,0.7,-0.0751,0.2656,0.4235,0.2565,0.1669
NU + AVGO + CRDO,2,16.87,43.9,0.76,-0.0872,0.2582,0.4357,0.256,0.1765
NU + RNMBY + RDDT,0,16.43,35.2,0.75,-0.0704,0.2592,0.4253,0.2543,0.1734
NU + UBER + CRDO,1,15.64,39.2,0.71,-0.089,0.2676,0.4177,0.254,0.1739
NU + CRDO + RDDT,1,17.41,38.9,0.77,-0.0841,0.2612,0.4195,0.2519,0.1803
NU + RNMBY + SE,0,15.91,38.2,0.74,-0.0704,0.254,0.4248,0.2515,0.1669
RNMBY + AVGO + CRDO,2,21.59,47.8,0.98,-0.1313,0.2349,0.4623,0.2509,0.1799
NU + SE + CRDO,1,16.82,41.9,0.76,-0.0841,0.2561,0.419,0.2491,0.1739
UBER + RNMBY + CRDO,1,19.62,41.5,0.89,-0.1334,0.2449,0.4453,0.2489,0.1773
NU + UBER + AVGO,1,14.78,38.7,0.71,-0.0804,0.2552,0.4135,0.247,0.1596
RNMBY + CRDO + RDDT,1,22.48,41.4,0.98,-0.1277,0.2381,0.447,0.2467,0.1836
NU + RNMBY + ADYEY,0,15.8,32.3,0.75,-0.0461,0.2503,0.4059,0.2454,0.1638
NU + AVGO + RDDT,1,16.35,38.3,0.76,-0.0756,0.2486,0.4153,0.2448,0.1662
RNMBY + SE + CRDO,1,21.51,45.3,0.97,-0.1277,0.2327,0.4465,0.2438,0.1773
NU + CRDO + ADYEY,1,16.7,35.7,0.77,-0.0587,0.2524,0.3999,0.2429,0.1708
NU + UBER + RDDT,0,15.19,34.1,0.71,-0.0774,0.2583,0.3964,0.2427,0.1634
NU + AVGO + SE,1,15.83,41.2,0.76,-0.0756,0.2433,0.4148,0.2419,0.1596
NU + RNMBY + NVDA,1,15.28,45.5,0.77,-0.0808,0.2406,0.4196,0.2418,0.1531
UBER + RNMBY + AVGO,1,18.28,40.7,0.89,-0.1234,0.2318,0.4413,0.2417,0.1631
NU + UBER + SE,0,14.74,37.0,0.71,-0.0774,0.2531,0.3959,0.2399,0.1568
RNMBY + AVGO + RDDT,1,20.74,40.5,0.97,-0.1179,0.2248,0.4431,0.2395,0.1696
NU + CRDO + NVDA,2,16.11,49.5,0.79,-0.095,0.2427,0.4137,0.2393,0.1603
UBER + AVGO + CRDO,2,19.5,45.2,0.92,-0.1399,0.2339,0.4357,0.2392,0.1701
NU + SE + RDDT,0,16.3,36.5,0.76,-0.0726,0.2465,0.3978,0.2376,0.1634
RNMBY + CRDO + ADYEY,1,21.32,37.2,0.98,-0.0986,0.2288,0.4285,0.2376,0.1742
UBER + RNMBY + RDDT,0,18.92,35.1,0.89,-0.1199,0.235,0.4253,0.2374,0.1669
AVGO + CRDO + RDDT,2,22.32,45.7,1.01,-0.134,0.227,0.4375,0.237,0.1765
RNMBY + AVGO + SE,1,19.91,44.1,0.96,-0.1179,0.2192,0.4426,0.2366,0.1631
NU + AVGO + ADYEY,1,15.72,35.3,0.76,-0.0509,0.2395,0.3955,0.2357,0.1563
UBER + CRDO + RDDT,1,20.22,39.4,0.92,-0.1362,0.2371,0.4195,0.2349,0.1739
UBER + RNMBY + SE,0,18.22,38.6,0.88,-0.1199,0.2295,0.4247,0.2345,0.1603
AVGO + SE + CRDO,2,21.36,49.3,1.0,-0.134,0.2214,0.4369,0.2341,0.1701
RNMBY + CRDO + NVDA,2,20.37,54.6,1.02,-0.1404,0.2185,0.4415,0.2339,0.1638
NU + UBER + ADYEY,0,14.65,31.5,0.71,-0.0525,0.2494,0.3758,0.2336,0.1535
RNMBY + SE + RDDT,0,20.67,38.2,0.97,-0.1145,0.2225,0.4266,0.2323,0.1669
NU + AVGO + NVDA,2,15.2,48.4,0.78,-0.0862,0.2296,0.4095,0.232,0.1455
UBER + SE + CRDO,1,19.43,42.9,0.91,-0.1362,0.2317,0.4189,0.2319,0.1674
NU + RDDT + ADYEY,0,16.19,30.4,0.77,-0.0481,0.2427,0.3778,0.2313,0.1603
RNMBY + AVGO + ADYEY,1,19.75,36.7,0.97,-0.0897,0.2151,0.4244,0.2303,0.1599
NU + UBER + NVDA,1,14.2,43.8,0.73,-0.0881,0.2397,0.3903,0.2299,0.1426
SE + CRDO + RDDT,1,22.23,43.1,1.01,-0.1304,0.2247,0.4208,0.2297,0.1739
NU + SE + ADYEY,0,15.68,33.5,0.76,-0.0481,0.2373,0.3772,0.2284,0.1535
UBER + RNMBY + ADYEY,0,18.08,31.8,0.89,-0.0915,0.2256,0.4059,0.2281,0.1571
AVGO + CRDO + ADYEY,2,21.17,41.2,1.01,-0.1043,0.2174,0.4186,0.2277,0.1669
NU + RDDT + NVDA,1,15.64,44.0,0.79,-0.0831,0.2328,0.3923,0.2276,0.1495
UBER + AVGO + RDDT,1,18.8,38.7,0.91,-0.1261,0.2238,0.4153,0.2275,0.1596
RNMBY + AVGO + NVDA,2,18.93,52.8,1.01,-0.1302,0.2045,0.4375,0.2265,0.1491
RNMBY + RDDT + ADYEY,0,20.49,30.5,0.98,-0.0865,0.2185,0.4078,0.2259,0.1638
UBER + CRDO + ADYEY,1,19.27,35.7,0.92,-0.1062,0.2278,0.3998,0.2255,0.1642
NU + SE + NVDA,1,15.16,46.6,0.78,-0.0831,0.2273,0.3917,0.2246,0.1426
UBER + AVGO + SE,1,18.11,42.0,0.91,-0.1261,0.2182,0.4147,0.2245,0.1528
UBER + RNMBY + NVDA,1,17.4,46.9,0.92,-0.1323,0.2153,0.4195,0.2244,0.1463
AVGO + CRDO + NVDA,3,20.24,58.4,1.05,-0.147,0.2069,0.4319,0.2239,0.1564
CRDO + RDDT + ADYEY,1,22.03,34.8,1.01,-0.101,0.2207,0.4017,0.2232,0.1708
RNMBY + SE + ADYEY,0,19.68,34.4,0.97,-0.0865,0.2128,0.4072,0.2229,0.1571
AVGO + SE + RDDT,1,20.53,42.1,1.0,-0.1205,0.2109,0.4166,0.2222,0.1596
RNMBY + RDDT + NVDA,1,19.61,47.5,1.02,-0.1266,0.208,0.4214,0.2221,0.1531
UBER + CRDO + NVDA,2,18.5,51.5,0.95,-0.1492,0.2175,0.4136,0.2217,0.1536
SE + CRDO + ADYEY,1,21.09,38.8,1.0,-0.101,0.2151,0.4012,0.2202,0.1642
UBER + SE + RDDT,0,18.74,36.6,0.91,-0.1226,0.2215,0.3978,0.22,0.1568
CRDO + RDDT + NVDA,2,21.02,52.9,1.05,-0.1432,0.2103,0.4155,0.2194,0.1603
RNMBY + SE + NVDA,1,18.87,50.6,1.01,-0.1266,0.2021,0.4208,0.2191,0.1463
NU + NVDA + ADYEY,1,15.06,40.9,0.79,-0.0578,0.2234,0.3715,0.2181,0.1392
UBER + AVGO + ADYEY,1,17.98,35.3,0.91,-0.0971,0.2141,0.3954,0.218,0.1495
SE + CRDO + NVDA,2,20.17,56.0,1.04,-0.1432,0.2045,0.415,0.2164,0.1536
AVGO + RDDT + ADYEY,1,20.35,34.4,1.0,-0.092,0.2068,0.3974,0.2156,0.1563
UBER + AVGO + NVDA,2,17.3,50.1,0.94,-0.1387,0.2035,0.4094,0.2141,0.1385
UBER + RDDT + ADYEY,0,18.59,29.6,0.92,-0.0939,0.2175,0.3778,0.2134,0.1535
AVGO + SE + ADYEY,1,19.55,38.2,0.99,-0.092,0.2009,0.3968,0.2125,0.1495
RNMBY + NVDA + ADYEY,1,18.72,43.5,1.01,-0.0976,0.1979,0.4018,0.2124,0.1429
AVGO + RDDT + NVDA,2,19.49,51.2,1.04,-0.1329,0.196,0.4113,0.2118,0.1455
UBER + SE + ADYEY,0,17.92,33.2,0.91,-0.0939,0.2118,0.3772,0.2103,0.1467
CRDO + NVDA + ADYEY,2,20.0,48.3,1.05,-0.1126,0.2003,0.3957,0.2097,0.1503
UBER + RDDT + NVDA,1,17.87,45.2,0.95,-0.135,0.207,0.3922,0.2095,0.1426
AVGO + SE + NVDA,2,18.75,54.1,1.03,-0.1329,0.19,0.4107,0.2087,0.1385
SE + RDDT + ADYEY,0,20.28,32.1,1.0,-0.0889,0.2044,0.3792,0.2079,0.1535
UBER + SE + NVDA,1,17.25,48.1,0.94,-0.135,0.2011,0.3917,0.2064,0.1355
SE + RDDT + NVDA,1,19.42,48.9,1.04,-0.1293,0.1935,0.3936,0.204,0.1426
AVGO + NVDA + ADYEY,2,18.61,47.0,1.04,-0.1033,0.1856,0.3913,0.2018,0.1351
UBER + NVDA + ADYEY,1,17.12,41.6,0.95,-0.1052,0.1969,0.3714,0.1996,0.1321
RDDT + NVDA + ADYEY,1,19.26,41.6,1.05,-0.1,0.1892,0.3734,0.1971,0.1392
SE + NVDA + ADYEY,1,18.55,44.9,1.04,-0.1,0.1831,0.3728,0.1939,0.1321
Nasdaq 100 reconstitué,,22.25,39.5,2.9,-0.1229,0.1031,0.2312,0.0998,0.1545
