variante,pe_ntm,peg_lt,tcam_esperance,tcam_base,tcam_bear,tcam_bull,tcam_double_choc,tcam_krach_ia,tcam_sur_mesure,tcam_nvda_bull,tcam_uber_bear,p_sous_indice,p_perte
"Retenu : Nu 30 %, Rheinmetall 30 %, TSMC 15 %, Uber 15 %, NVIDIA 10 %",15.868322,0.768955,0.241655,0.247695,-0.07799,0.40869,0.07089,0.202954,0.24999,0.27105,0.212354,0.061523,0.006836
"Version du matin : Nu, Rheinmetall 1/3 ; NVIDIA, TSMC 1/6",15.874939,0.776342,0.241288,0.245372,-0.073313,0.409582,0.040923,0.184554,0.238751,0.283811,0.245372,0.066406,0.019531
"Trio du 30/09 : Nu, Broadcom, Rheinmetall",15.952865,0.743228,0.25847,0.256153,-0.073367,0.44136,0.059143,0.184528,0.256153,0.256153,0.256153,0.109375,0.015625
Première version à 8 lignes,17.813376,0.889418,0.227891,0.225608,-0.107375,0.409352,0.157011,0.104183,0.210423,0.266586,0.195964,0.031296,0.000732
Version du matin à poids égaux (4 x 25 %),16.647885,0.851152,0.226049,0.228333,-0.085944,0.395034,0.078493,0.128465,0.217933,0.286936,0.228333,0.089844,0.003906
"Version du matin penchée vers TSMC (NVIDIA 1/9, TSMC 2/9)",16.085002,0.779383,0.241107,0.246945,-0.070844,0.406196,0.043612,0.185739,0.256325,0.272862,0.246945,0.089844,0.011719
"Version du matin, Uber à la place de NVIDIA",15.74834,0.742317,0.248107,0.256797,-0.070504,0.411581,0.060217,0.227489,0.276612,0.256797,0.21824,0.066406,0.011719
"Version du matin, Oracle à la place de NVIDIA",15.523277,0.744531,0.247322,0.255811,-0.071981,0.411222,0.058573,0.185193,0.275672,0.255811,0.255811,0.066406,0.011719
"Version du matin, Advantest à la place de TSMC",16.252785,0.792562,0.236897,0.243167,-0.07782,0.401892,0.037136,0.182406,0.214632,0.281799,0.243167,0.074219,0.019531
"Version du matin, SK Hynix à la place de NVIDIA",12.374409,1.163428,0.229389,0.234773,-0.05776,0.386905,0.02252,0.192117,0.255632,0.234773,0.234773,0.09375,0.011719
"Retenu, Oracle à la place de NVIDIA",15.655615,0.749913,0.245283,0.253955,-0.077178,0.409677,0.080729,0.20332,0.271948,0.253955,0.219172,0.057617,0.006836
"Retenu, Grab à la place d'Uber",16.631063,0.796557,0.240182,0.245729,-0.075844,0.406782,0.067773,0.200759,0.248035,0.26919,0.245729,0.061523,0.006836
"Uber pris sur Nu et Rheinmetall (25/25/16,7/16,7/16,7)",16.17912,0.805504,0.233401,0.237831,-0.08688,0.402264,0.092416,0.175773,0.231086,0.276934,0.19735,0.067383,0.006836
Nasdaq 100 reconstitué,22.2482,2.8987,0.099752,0.103087,-0.122914,0.23124,0.103087,0.02915,0.073682,0.142407,0.103087,,
