ticker,period_end,type,revenue,gross_profit,operating_income,net_income,total_assets,operating_cash_flow_ytd
AAPL,2026-06-30,Q,109417,54770,35695,29789,383266,116996
AAPL,2026-03-31,Q,111184,54781,35885,29578,371082,82627
AAPL,2025-12-31,Q,143756,69231,50852,42097,379297,53925
AAPL,2025-09-30,A,416161,195201,133050,112010,359241,111482
AAPL,2025-09-30,Q,102466,48341,32427,27466,359241,111482
AAPL,2025-06-30,Q,94036,43718,28202,23434,331495,81754
AAPL,2025-03-31,Q,95359,44867,29589,24780,331233,53887
AAPL,2024-12-31,Q,124300,58275,42832,36330,344085,29935
AAPL,2024-09-30,A,391035,180683,123216,93736,364980,118254
AAPL,2024-09-30,Q,94930,43879,29591,14736,364980,118254
ATEYY,2026-06-30,Q,2315,1610,1197,1101,9542,864
ATEYY,2026-03-31,A,7449,4792,3294,2477,7734,2212
ATEYY,2025-06-30,Q,1820,1184,855,622,6140,323
ATEYY,2025-03-31,A,5146,2938,1506,1064,5638,1887
KYCCF,2025-03-31,A,7061,5918,3665,2658,21928,2730
KYCCF,2024-03-31,A,6492,5386,3322,2481,19898,2603
ADBE,2026-08-31,Q,6760,5997,2354,1827,29981,
ADBE,2026-05-31,Q,6618,5903,2238,1712,29933,5123
ADBE,2026-02-28,Q,6398,5734,2418,1889,29704,2958
ADBE,2025-11-30,A,23769,21218,8706,7130,29496,10031
ADBE,2025-11-30,Q,6194,5545,2261,1856,29496,10031
ADBE,2025-08-31,Q,5988,5346,2173,1772,28754,6871
ADBE,2025-05-31,Q,5873,5235,2109,1691,28107,4673
ADBE,2025-02-28,Q,5714,5092,2163,1811,29955,2482
ADBE,2024-11-30,A,21505,19147,6741,5560,30230,8056
ADBE,2024-11-30,Q,5606,4990,1957,1683,30230,8056
ORCL,2026-08-31,Q,19345,11612,6728,4679,303259,23103
ORCL,2026-05-31,A,67357,44336,20606,16984,261759,31977
ORCL,2026-05-31,Q,19183,12512,6134,4223,261759,31977
ORCL,2026-02-28,Q,17190,11098,5464,3699,245240,17357
ORCL,2025-11-30,Q,16058,10684,4731,6135,204984,10206
ORCL,2025-08-31,Q,14926,10042,4277,2927,180449,8140
ORCL,2025-05-31,A,57399,40472,17678,12443,168361,20821
ORCL,2025-05-31,Q,15903,11162,5109,3427,168361,20821
ORCL,2025-02-28,Q,14130,9935,4358,2936,161378,14664
ORCL,2024-11-30,Q,14059,9974,4220,3151,148483,8731
AVGO,2026-07-31,Q,29591,20456,15955,13088,188148,32950
AVGO,2026-04-30,Q,22187,15415,10788,9310,179158,18753
AVGO,2026-01-31,Q,19311,13157,8563,7349,169903,8260
AVGO,2025-10-31,A,63887,43294,25484,23126,171092,27537
AVGO,2025-10-31,Q,18015,12249,7508,8518,171092,27537
AVGO,2025-07-31,Q,15952,10703,5887,4140,165621,19834
AVGO,2025-04-30,Q,15004,10197,5829,4965,164630,12668
AVGO,2025-01-31,Q,14916,10145,6260,5503,165358,6113
AVGO,2024-10-31,A,51574,32509,13463,5895,165645,19962
AVGO,2024-10-31,Q,14054,9002,4627,4324,165645,19962
CRM,2026-07-31,Q,11345,8696,2331,3526,109620,7970
CRM,2026-04-30,Q,11133,8563,2347,2107,106680,6701
CRM,2026-01-31,A,41525,32255,8331,7457,112305,14996
CRM,2026-01-31,Q,11201,8693,1869,1943,112305,14996
CRM,2025-10-31,Q,10259,8004,2188,2086,95144,9532
CRM,2025-07-31,Q,10236,7994,2332,1887,97573,7216
CRM,2025-04-30,Q,9829,7564,1942,1541,98610,6476
CRM,2025-01-31,A,37895,29252,7205,6197,102928,13092
CRM,2025-01-31,Q,9993,7776,1820,1708,102928,13092
CRM,2024-10-31,Q,9444,7339,1893,1527,91395,9122
NVDA,2026-07-31,Q,96221,72142,63734,59688,320272,74421
NVDA,2026-04-30,Q,81615,61157,53536,58321,259474,50344
NVDA,2026-01-31,A,215938,153463,130387,120067,206803,102718
NVDA,2026-01-31,Q,68127,51093,44299,42960,206803,102718
NVDA,2025-10-31,Q,57006,41849,36010,31910,161148,66530
NVDA,2025-07-31,Q,46743,33853,28440,26422,140740,42779
NVDA,2025-04-30,Q,44062,26668,21638,18775,125254,27414
NVDA,2025-01-31,A,130497,97858,81453,72880,111601,64089
NVDA,2025-01-31,Q,39331,28722,24033,22091,111601,64089
NVDA,2024-10-31,Q,35082,26156,21869,19309,96013,47460
AMD,2026-06-30,Q,11536,6203,1990,2297,84464,5321
AMD,2026-03-31,Q,10253,5416,1476,1383,79642,2955
AMD,2025-12-31,A,34639,17152,3694,4335,76926,7709
AMD,2025-12-31,Q,10270,5577,1752,1511,76926,7709
AMD,2025-09-30,Q,9246,4780,1270,1243,76891,5109
AMD,2025-06-30,Q,7685,3059,-134,872,74820,2950
AMD,2025-03-31,Q,7438,3736,806,709,71550,939
AMD,2024-12-31,A,25785,12725,1900,1641,69226,3041
AMD,2024-12-31,Q,7658,3882,871,482,69226,3041
AMD,2024-09-30,Q,6819,3419,724,771,69636,1742
AMZN,2026-06-30,Q,200606,104828,27461,62647,1095689,71419
AMZN,2026-03-31,Q,181519,94056,23852,30255,916630,26032
AMZN,2025-12-31,A,716924,360510,79975,77670,818042,139514
AMZN,2025-12-31,Q,213386,103427,24977,21192,818042,139514
AMZN,2025-09-30,Q,180169,91499,17422,21187,727921,85055
AMZN,2025-06-30,Q,167702,86893,19171,18164,682170,49530
AMZN,2025-03-31,Q,155667,78691,18405,17127,643256,17015
AMZN,2024-12-31,A,637959,311671,68593,59248,624894,115877
AMZN,2024-12-31,Q,187792,88899,21203,20004,624894,115877
AMZN,2024-09-30,Q,158877,77900,17411,15328,584626,70241
GOOGL,2026-06-30,Q,119796,73853,40770,112107,921983,84859
GOOGL,2026-03-31,Q,109896,68625,39696,62578,703919,45790
GOOGL,2025-12-31,A,402836,240301,129039,132170,595281,164713
GOOGL,2025-12-31,Q,113828,68062,35934,34455,595281,164713
GOOGL,2025-09-30,Q,102346,60977,31228,34979,536469,112311
GOOGL,2025-06-30,Q,96428,57389,31271,28196,502053,63897
GOOGL,2025-03-31,Q,90234,53873,30606,34540,475374,36150
GOOGL,2024-12-31,A,350018,203712,112390,100118,450256,125299
GOOGL,2024-12-31,Q,96469,55856,30972,26536,450256,125299
GOOGL,2024-09-30,Q,88268,51794,28521,26301,430266,86186
META,2026-06-30,Q,60801,49471,18775,15848,449956,64088
META,2026-03-31,Q,56311,46093,22872,26773,395250,32226
META,2025-12-31,A,200966,164791,83276,60458,366021,115800
META,2025-12-31,Q,59894,48988,24745,22768,366021,115800
META,2025-09-30,Q,51242,42036,20535,2709,303844,79586
META,2025-06-30,Q,47516,39025,20441,18337,294744,49587
META,2025-03-31,Q,42314,34742,17555,16644,280213,24026
META,2024-12-31,A,164501,134340,69380,62360,276054,91328
META,2024-12-31,Q,48386,39548,23365,20838,276054,91328
META,2024-09-30,Q,40589,33214,17350,15688,256408,63340
MSFT,2026-06-30,A,331839,225465,155237,133749,758376,182935
MSFT,2026-06-30,Q,90007,60482,40603,35766,758376,182935
MSFT,2026-03-31,Q,82886,56058,38398,31778,694228,127494
MSFT,2025-12-31,Q,81273,55295,38275,38458,665302,80815
MSFT,2025-09-30,Q,77673,53630,37961,27747,636351,45057
MSFT,2025-06-30,A,281724,193893,128528,101832,619003,136162
MSFT,2025-06-30,Q,76441,52427,34323,27233,619003,136162
MSFT,2025-03-31,Q,70066,48147,32000,25824,562624,93515
MSFT,2024-12-31,Q,69632,47833,31653,24108,533898,56471
MSFT,2024-09-30,Q,65585,45486,30552,24667,523013,34180
AMAT,2026-07-31,Q,9115,4586,3075,2538,43522,5568
AMAT,2026-04-30,Q,7910,3947,2523,2806,40286,2531
AMAT,2026-01-31,Q,7012,3435,1831,2026,37644,1686
AMAT,2025-10-31,A,28368,13808,8289,6998,36299,7958
AMAT,2025-10-31,Q,6800,3265,1712,1897,36299,7958
AMAT,2025-07-31,Q,7302,3562,2233,1779,34211,5130
AMAT,2025-04-30,Q,7100,3485,2169,2137,33632,2496
AMAT,2025-01-31,Q,7166,3496,2175,1185,33338,925
AMAT,2024-10-31,A,27176,12897,7867,7177,34409,8677
AMAT,2024-10-31,Q,7045,3335,2046,1731,34409,8677
CSCO,2026-07-31,Q,17252,11063,4264,3859,129637,14177
CSCO,2026-07-31,A,63325,40860,15368,13267,129637,14177
CSCO,2026-04-30,Q,15841,10080,3960,3373,125546,8791
CSCO,2026-01-31,Q,15349,9972,3781,3175,123371,5034
CSCO,2025-10-31,Q,14883,9745,3363,2860,121102,3212
CSCO,2025-07-31,A,56654,36790,11760,10180,122291,14193
CSCO,2025-07-31,Q,14673,9280,3087,2550,122291,14193
CSCO,2025-04-30,Q,14149,9278,3202,2491,119782,9959
CSCO,2025-01-31,Q,13991,9111,3113,2428,121375,5902
CSCO,2024-10-31,Q,13841,9121,2358,2711,123333,3661
INTU,2026-07-31,A,21448,17195,5884,4566,36786,8838
INTU,2026-07-31,Q,4354,3401,475,363,36786,8838
INTU,2026-04-30,Q,8558,7184,4020,3064,39330,7507
INTU,2026-01-31,Q,4651,3608,855,693,34282,2207
INTU,2025-10-31,Q,3885,3002,534,446,33191,637
INTU,2025-07-31,A,18831,14983,4923,3869,36958,6207
INTU,2025-07-31,Q,3831,2937,339,381,36958,6207
INTU,2025-04-30,Q,7754,6560,3720,2820,36593,5826
INTU,2025-01-31,Q,3963,3026,593,471,31682,1431
INTU,2024-10-31,Q,3283,2460,271,197,33193,362
IBM,2026-06-30,Q,17162,9907,2615,2165,152099,7766
IBM,2026-03-31,Q,15917,8950,1688,1216,156229,5169
IBM,2025-12-31,A,67535,39296,10857,10593,151880,13193
IBM,2025-12-31,Q,19686,11927,4278,5600,151880,13193
IBM,2025-09-30,Q,16331,9361,2531,1744,146312,9153
IBM,2025-06-30,Q,16977,9977,2853,2194,148585,6071
IBM,2025-03-31,Q,14541,8031,1195,1055,145667,4370
IBM,2024-12-31,A,62753,35552,8385,6023,137175,13445
IBM,2024-12-31,Q,17553,10437,3605,2914,137175,13445
IBM,2024-09-30,Q,14968,8421,1634,-330,134339,9115
KLAC,2026-06-30,Q,3658,2244,1554,1363,17952,4143
KLAC,2026-06-30,A,13579,8324,5661,4831,17952,4143
KLAC,2026-03-31,Q,3415,2087,1408,1201,16874,3237
KLAC,2025-12-31,Q,3297,2026,1362,1146,16720,2529
KLAC,2025-09-30,Q,3210,1967,1337,1121,16318,1162
KLAC,2025-06-30,A,12156,7404,4775,4062,16068,4082
KLAC,2025-06-30,Q,3175,1967,1352,1203,16068,4082
KLAC,2025-03-31,Q,3063,1887,1300,1088,15188,2917
KLAC,2024-12-31,Q,3077,1855,1003,825,15002,1845
KLAC,2024-09-30,Q,2842,1694,1120,946,15682,995
LRCX,2026-06-30,A,23233,11725,8200,7265,23530,5858
LRCX,2026-06-30,Q,6722,3479,2513,2277,23530,5858
LRCX,2026-03-31,Q,5841,2911,2047,1825,20792,4400
LRCX,2025-12-31,Q,5345,2651,1810,1594,21391,3259
LRCX,2025-09-30,Q,5324,2685,1829,1569,21900,1779
LRCX,2025-06-30,A,18436,8979,5901,5358,21345,6173
LRCX,2025-06-30,Q,5171,2590,1741,1720,21345,6173
LRCX,2025-03-31,Q,4720,2314,1562,1331,19968,3619
LRCX,2024-12-31,Q,4376,2073,1334,1191,19840,2310
LRCX,2024-09-30,Q,4168,2003,1264,1116,19532,1568
NOW,2026-06-30,Q,3987,2818,162,298,31666,2257
NOW,2026-03-31,Q,3770,2830,503,469,24381,1670
NOW,2025-12-31,A,13278,10295,1824,1748,26038,5444
NOW,2025-12-31,Q,3568,2734,443,401,26038,5444
NOW,2025-09-30,Q,3407,2633,572,502,21789,3206
NOW,2025-06-30,Q,3215,2491,358,385,22051,2393
NOW,2025-03-31,Q,3088,2437,451,460,20972,1677
NOW,2024-12-31,A,10984,8697,1364,1425,20383,4267
NOW,2024-12-31,Q,2957,2326,374,384,20383,4267
NOW,2024-09-30,Q,2797,2213,418,432,18434,2632
QCOM,2026-06-30,Q,9947,5277,1626,2002,57367,8405
QCOM,2026-03-31,Q,10599,5699,2309,7370,57136,7414
QCOM,2025-12-31,Q,12252,6684,3366,3004,53034,4965
QCOM,2025-09-30,A,44284,24546,12355,5541,50143,14012
QCOM,2025-09-30,Q,11271,6237,2918,-3117,50143,14012
QCOM,2025-06-30,Q,10365,5759,2762,2666,54862,10016
QCOM,2025-03-31,Q,10979,6042,3120,2812,55372,7141
QCOM,2024-12-31,Q,11669,6508,3555,3180,55575,4587
QCOM,2024-09-30,A,38962,21902,10071,10142,55154,12202
QCOM,2024-09-30,Q,10245,5777,2582,2920,55154,12202
TXN,2026-06-30,Q,5463,3352,2310,1980,35882,4223
TXN,2026-03-31,Q,4825,2799,1808,1545,34393,1520
TXN,2025-12-31,A,17682,10083,6023,4973,34585,7153
TXN,2025-12-31,Q,4423,2472,1473,1143,34585,7153
TXN,2025-09-30,Q,4742,2723,1663,1356,35004,4899
TXN,2025-06-30,Q,4448,2575,1563,1295,34933,2709
TXN,2025-03-31,Q,4069,2313,1324,1179,33757,849
TXN,2024-12-31,A,15641,9094,5465,4775,35509,6318
TXN,2024-12-31,Q,4007,2314,1377,1199,35509,6318
TXN,2024-09-30,Q,4151,2474,1554,1355,35321,4320
ACN,2026-05-31,Q,18718,6134,3175,2339,68807,9268
ACN,2026-02-28,Q,18044,5459,2494,1825,67064,5482
ACN,2025-11-30,Q,18742,6197,2874,2212,64698,1664
ACN,2025-08-31,A,69673,22235,10226,7678,65395,11474
ACN,2025-08-31,Q,17596,5611,2050,1414,65395,11474
ACN,2025-05-31,Q,17728,5827,2983,2198,63362,7560
ACN,2025-02-28,Q,16659,4975,2245,1788,59870,3876
ACN,2024-11-30,Q,17690,5823,2948,2279,59868,1022
ACN,2024-08-31,A,64896,21162,9596,7265,55932,9131
ACN,2024-08-31,Q,16406,5337,2354,1684,55932,9131
ADI,2026-07-31,Q,4022,2708,1613,1340,48424,3845
ADI,2026-04-30,Q,3623,2440,1380,1176,47949,2241
ADI,2026-01-31,Q,3160,2045,997,831,47991,1369
ADI,2025-10-31,A,11020,6773,2932,2267,47993,4812
ADI,2025-10-31,Q,3076,1942,945,788,47993,4812
ADI,2025-07-31,Q,2880,1790,818,519,48193,3111
ADI,2025-04-30,Q,2640,1612,678,570,47344,1946
ADI,2025-01-31,Q,2423,1430,491,391,47968,1127
ADI,2024-10-31,A,9427,5381,2033,1635,48228,3853
ADI,2024-10-31,Q,2443,1416,569,478,48228,3853
CRWD,2026-07-31,Q,1471,1097,-33,5,12025,1121
CRWD,2026-04-30,Q,1386,1043,-31,28,11270,591
CRWD,2026-01-31,A,4812,3593,-293,-163,11087,1612
CRWD,2026-01-31,Q,1305,991,0,46,11087,1612
CRWD,2025-10-31,Q,1234,926,-69,-34,9965,1114
CRWD,2025-07-31,Q,1169,860,-105,-70,9289,717
CRWD,2025-04-30,Q,1103,816,-119,-104,8720,384
CRWD,2025-01-31,A,3954,2963,-116,-15,8702,1382
CRWD,2025-01-31,Q,1059,786,-81,-88,8702,1382
CRWD,2024-10-31,Q,1010,755,-56,-17,7783,1036
PANW,2026-07-31,Q,3410,2304,172,-282,48460,4553
PANW,2026-07-31,A,11480,8077,695,307,48460,4553
PANW,2026-04-30,Q,3002,2028,-183,-177,46266,3196
PANW,2026-01-31,Q,2594,1909,397,432,24979,2325
PANW,2025-10-31,Q,2474,1836,309,334,23536,1771
PANW,2025-07-31,A,9221,6770,1243,1134,23576,3716
PANW,2025-07-31,Q,2536,1857,497,254,23576,3716
PANW,2025-04-30,Q,2289,1670,219,262,22003,2695
PANW,2025-01-31,Q,2257,1658,241,267,20952,2067
PANW,2024-10-31,Q,2139,1585,286,351,20375,1510
SNPS,2026-07-31,Q,2477,1797,357,546,47726,2299
SNPS,2026-04-30,Q,2276,1646,120,17,46889,1486
SNPS,2026-01-31,Q,2409,1771,203,65,47238,857
SNPS,2025-10-31,A,7054,5431,915,1332,48224,1519
SNPS,2025-10-31,Q,2255,1600,121,449,48224,1519
SNPS,2025-07-31,Q,1740,1359,165,243,48230,879
SNPS,2025-04-30,Q,1604,1286,376,345,23757,208
SNPS,2025-01-31,Q,1455,1185,252,296,13041,-67
SNPS,2024-10-31,A,6127,4882,1356,2263,13074,1407
SNPS,2024-10-31,Q,1636,1261,311,1114,13074,1407
ANET,2026-06-30,Q,3036,1910,1378,1213,23720,2777
ANET,2026-03-31,Q,2709,1677,1158,1023,21657,1694
ANET,2025-12-31,A,9006,5769,3856,3511,19449,4372
ANET,2025-12-31,Q,2488,1564,1033,956,19449,4372
ANET,2025-09-30,Q,2308,1490,978,853,18049,3110
ANET,2025-06-30,Q,2205,1439,986,889,16534,1842
ANET,2025-03-31,Q,2005,1276,859,814,14515,642
ANET,2024-12-31,A,7003,4491,2945,2852,14044,3708
ANET,2024-12-31,Q,1930,1231,800,801,14044,3708
ANET,2024-09-30,Q,1811,1162,785,748,12847,2677
APP,2026-06-30,Q,1924,1698,1494,1267,8269,2160
APP,2026-03-31,Q,1842,1639,1440,1206,7708,1291
APP,2025-12-31,A,5481,4816,4152,3334,7260,3971
APP,2025-12-31,Q,1658,1474,1275,1102,7260,3971
APP,2025-09-30,Q,1405,1230,1079,836,6343,2657
APP,2025-06-30,Q,1259,1104,958,820,5959,1604
APP,2025-03-31,Q,1159,1007,840,576,5707,832
APP,2024-12-31,A,3224,2703,1911,1580,5869,2099
APP,2024-12-31,Q,620,636,653,601,5869,2099
APP,2024-09-30,Q,835,714,534,434,5442,1398
CDNS,2026-06-30,Q,1584,1345,450,367,12080,991
CDNS,2026-03-31,Q,1474,1260,431,336,12098,356
CDNS,2025-12-31,A,5297,4575,1492,1109,10153,1729
CDNS,2025-12-31,Q,1440,1251,463,388,10153,1729
CDNS,2025-09-30,Q,1339,1157,425,287,9599,1175
CDNS,2025-06-30,Q,1275,1091,242,160,9509,865
CDNS,2025-03-31,Q,1242,1075,362,274,9013,487
CDNS,2024-12-31,A,4641,3994,1351,1055,8974,1261
CDNS,2024-12-31,Q,1356,1136,457,340,8974,1261
CDNS,2024-09-30,Q,1215,1052,350,238,9167,819
INTC,2026-06-30,Q,16128,6509,1796,-11033,202439,8102
INTC,2026-03-31,Q,13577,5347,-3136,-3728,205332,1096
INTC,2025-12-31,A,52853,18375,-2214,-267,211429,9697
INTC,2025-12-31,Q,13674,4943,580,-591,211429,9697
INTC,2025-09-30,Q,13653,5218,683,4063,204514,5409
INTC,2025-06-30,Q,12859,3542,-3176,-2918,192520,2863
INTC,2025-03-31,Q,12667,4672,-301,-821,192242,813
INTC,2024-12-31,A,53101,17345,-11678,-18756,196485,8288
INTC,2024-12-31,Q,14260,5584,412,-126,196485,8288
INTC,2024-09-30,Q,13284,1997,-9057,-16639,193542,5123
PLTR,2026-06-30,Q,1935,1639,912,1062,11679,2115
PLTR,2026-03-31,Q,1633,1417,754,871,10199,899
PLTR,2025-12-31,A,4475,3686,1414,1625,8900,2134
PLTR,2025-12-31,Q,1407,1191,575,609,8900,2134
PLTR,2025-09-30,Q,1181,974,393,476,8114,1357
PLTR,2025-06-30,Q,1004,811,269,327,7366,850
PLTR,2025-03-31,Q,884,711,176,214,6737,310
PLTR,2024-12-31,A,2866,2300,310,462,6341,1154
PLTR,2024-12-31,Q,828,653,11,79,6341,1154
PLTR,2024-09-30,Q,726,579,113,144,5768,694
MU,2026-05-31,Q,41456,35056,33318,28243,134112,45702
MU,2026-02-28,Q,23860,17755,16135,13785,101509,20314
MU,2025-11-30,Q,13643,7646,6136,5240,85971,8411
MU,2025-08-31,A,37378,14873,9770,8539,82798,17525
MU,2025-08-31,Q,11315,5054,3654,3201,82798,17525
MU,2025-05-31,Q,9301,3508,2169,1885,78397,11795
MU,2025-02-28,Q,8053,2963,1773,1583,73053,7186
MU,2024-11-30,Q,8709,3348,2174,1870,71461,3244
MU,2024-08-31,A,25111,5613,1304,778,69416,8507
MU,2024-08-31,Q,7750,2737,1522,887,69416,8507
ADSK,2026-07-31,Q,2046,1870,599,492,12983,1468
ADSK,2026-04-30,Q,1934,1759,541,491,11932,893
ADSK,2026-01-31,A,7206,6556,1578,1124,12467,2452
ADSK,2026-01-31,Q,1957,1791,431,316,12467,2452
ADSK,2025-10-31,Q,1853,1688,470,343,11198,1463
ADSK,2025-07-31,Q,1763,1604,444,313,10856,1024
ADSK,2025-04-30,Q,1633,1473,233,152,10585,564
ADSK,2025-01-31,A,6131,5553,1354,1112,10833,1607
ADSK,2025-01-31,Q,1639,1485,366,303,10833,1607
ADSK,2024-10-31,Q,1570,1423,346,275,10133,915
DELL,2026-07-31,Q,46971,9830,5385,4133,127393,6306
DELL,2026-04-30,Q,43842,7782,3656,3438,114913,4081
DELL,2026-01-31,A,113538,22707,8149,5936,101286,11185
DELL,2026-01-31,Q,33379,6730,3092,2259,101286,11185
DELL,2025-10-31,Q,27005,5593,2119,1548,87479,6511
DELL,2025-07-31,Q,29776,5447,1773,1164,89176,5339
DELL,2025-04-30,Q,23378,4937,1165,965,86869,2796
DELL,2025-01-31,A,95567,21250,6237,4592,79746,4521
DELL,2025-01-31,Q,23931,5678,2159,1533,79746,4521
DELL,2024-10-31,Q,24366,5360,1721,1175,81951,3936
MRVL,2026-07-31,Q,2739,1456,460,308,27555,1244
MRVL,2026-04-30,Q,2418,1261,339,35,26945,639
MRVL,2026-01-31,A,8195,4181,1323,2670,22285,1751
MRVL,2026-01-31,Q,2219,1148,404,396,22285,1751
MRVL,2025-10-31,Q,2075,1070,358,1901,21579,1377
MRVL,2025-07-31,Q,2006,1011,290,195,20586,795
MRVL,2025-04-30,Q,1895,952,271,178,20024,333
MRVL,2025-01-31,A,5767,2382,-720,-885,20205,1681
MRVL,2025-01-31,Q,1817,917,235,200,20205,1681
MRVL,2024-10-31,Q,1516,349,-703,-676,19716,1167
WDAY,2026-07-31,Q,2649,1997,313,632,15857,1215
WDAY,2026-04-30,Q,2542,1938,338,222,16091,696
WDAY,2026-01-31,A,9552,7231,721,693,18074,2939
WDAY,2026-01-31,Q,2532,1921,175,145,18074,2939
WDAY,2025-10-31,Q,2432,1841,259,252,17751,1661
WDAY,2025-07-31,Q,2348,1766,248,228,17961,1073
WDAY,2025-04-30,Q,2240,1703,39,68,17212,457
WDAY,2025-01-31,A,8446,6377,415,526,17977,2461
WDAY,2025-01-31,Q,2211,1672,75,94,17977,2461
WDAY,2024-10-31,Q,2160,1630,165,193,16424,1349
APH,2026-06-30,Q,8758,3548,2585,1769,44807,2679
APH,2026-03-31,Q,7620,2800,1832,933,42134,1122
APH,2025-12-31,A,23095,8518,5869,4270,36237,5375
APH,2025-12-31,Q,6439,2461,1723,1196,36237,5375
APH,2025-09-30,Q,6194,2359,1702,1246,27143,3653
APH,2025-06-30,Q,5650,2053,1419,1091,25668,2182
APH,2025-03-31,Q,4811,1644,1025,738,22902,765
APH,2024-12-31,A,15223,5140,3157,2424,21440,2815
APH,2024-12-31,Q,4318,1481,954,746,21440,2815
APH,2024-09-30,Q,4039,1357,820,604,19586,1968
FTNT,2026-06-30,Q,2048,1643,689,606,10859,2121
FTNT,2026-03-31,Q,1850,1485,580,535,9884,1077
FTNT,2025-12-31,Q,1905,1516,626,506,10389,2591
FTNT,2025-12-31,A,6800,5471,2085,1853,10389,2591
FTNT,2025-09-30,Q,1725,1393,547,474,9361,1970
FTNT,2025-06-30,Q,1630,1315,458,440,10641,1315
FTNT,2025-03-31,Q,1540,1247,454,433,10407,863
FTNT,2024-12-31,A,5956,4798,1803,1745,9763,2258
FTNT,2024-12-31,Q,1660,1346,574,526,9763,2258
FTNT,2024-09-30,Q,1508,1245,471,540,8852,1781
GLW,2026-06-30,Q,4505,1628,698,559,32956,2079
GLW,2026-03-31,Q,4144,1528,639,371,31253,362
GLW,2025-12-31,A,15629,5621,2279,1596,30976,2695
GLW,2025-12-31,Q,4215,1495,672,540,30976,2695
GLW,2025-09-30,Q,4100,1520,589,430,29916,1643
GLW,2025-06-30,Q,3862,1392,573,469,28745,859
GLW,2025-03-31,Q,3452,1214,445,157,27394,151
GLW,2024-12-31,A,13118,4276,1135,506,27735,1939
GLW,2024-12-31,Q,3501,1197,393,310,27735,1939
GLW,2024-09-30,Q,3391,1137,302,-117,28322,1316
MPWR,2026-06-30,Q,981,541,304,257,4686,478
MPWR,2026-03-31,Q,804,445,241,193,4449,250
MPWR,2025-12-31,A,2790,1540,729,621,4194,838
MPWR,2025-12-31,Q,751,414,200,173,4194,838
MPWR,2025-09-30,Q,737,406,195,178,4206,733
MPWR,2025-06-30,Q,665,366,165,135,3972,494
MPWR,2025-03-31,Q,638,353,169,135,3806,256
MPWR,2024-12-31,A,2207,1221,539,1592,3516,788
MPWR,2024-12-31,Q,622,344,163,1255,3516,788
MPWR,2024-09-30,Q,620,343,164,144,2855,621
MSI,2026-06-30,Q,3133,1678,809,557,19242,920
MSI,2026-03-31,Q,2714,1362,525,366,19080,451
MSI,2025-12-31,A,11682,6035,2988,2154,19389,2837
MSI,2025-12-31,Q,3380,1768,944,649,19389,2837
MSI,2025-09-30,Q,3009,1554,770,562,18799,1581
MSI,2025-06-30,Q,2765,1413,692,513,16412,783
MSI,2025-03-31,Q,2528,1300,582,430,14433,510
MSI,2024-12-31,A,10817,5512,2688,1577,14595,2391
MSI,2024-12-31,Q,3010,1548,814,611,14595,2391
MSI,2024-09-30,Q,2790,1433,711,562,13889,1321
TEL,2026-06-30,Q,5160,1835,981,748,26070,2997
TEL,2026-03-31,Q,4744,1745,954,855,25679,1812
TEL,2025-12-31,Q,4669,1739,963,750,25552,865
TEL,2025-09-30,Q,4749,1660,916,663,25081,4139
TEL,2025-09-30,A,17262,6079,3211,1842,25081,4139
TEL,2025-06-30,Q,4534,1600,857,638,24866,2718
TEL,2025-03-31,Q,4143,1459,748,13,23656,1531
TEL,2024-12-31,Q,3836,1360,690,528,22441,878
TEL,2024-09-30,A,15845,5456,2796,3193,22854,3477
TEL,2024-09-30,Q,4068,1383,651,276,22854,3477
HPE,2026-07-31,Q,12213,4899,1393,1511,83596,4229
HPE,2026-04-30,Q,10678,3900,747,595,79512,2588
HPE,2026-01-31,Q,9301,3340,470,423,75768,1178
HPE,2025-10-31,A,34296,10377,-437,-59,75906,2919
HPE,2025-10-31,Q,9679,3241,-8,146,75906,2919
HPE,2025-07-31,Q,9136,2672,247,276,77340,454
HPE,2025-04-30,Q,7627,2169,-1109,-1079,67854,-851
HPE,2025-01-31,Q,7854,2295,433,598,70327,-390
HPE,2024-10-31,A,30127,9878,2190,2554,71262,4341
HPE,2024-10-31,Q,8458,2606,693,1341,71262,4341
HPQ,2026-07-31,Q,15677,2945,892,661,45701,3044
HPQ,2026-04-30,Q,14408,3016,612,450,42936,1309
HPQ,2026-01-31,Q,14438,2835,759,545,41535,383
HPQ,2025-10-31,A,55295,11392,3174,2529,41769,3697
HPQ,2025-10-31,Q,14639,2962,959,795,41769,3697
HPQ,2025-07-31,Q,13932,2851,716,763,39854,2073
HPQ,2025-04-30,Q,13220,2739,654,406,38799,412
HPQ,2025-01-31,Q,13504,2840,845,565,38930,374
HPQ,2024-10-31,A,53559,11818,3818,2775,39909,3749
HPQ,2024-10-31,Q,14055,3001,991,906,39909,3749
NTAP,2026-07-31,Q,2025,1419,484,375,10955,503
NTAP,2026-04-30,A,6925,4899,1674,1276,10744,2067
NTAP,2026-04-30,Q,1948,1365,532,404,10744,2067
NTAP,2026-01-31,Q,1713,1209,434,334,9971,1117
NTAP,2025-10-31,Q,1705,1227,399,305,9630,800
NTAP,2025-07-31,Q,1559,1098,309,233,9679,673
NTAP,2025-04-30,Q,1732,1193,348,340,10823,1506
NTAP,2025-04-30,A,6572,4613,1337,1186,10823,1506
NTAP,2025-01-31,Q,1641,1145,362,299,8989,831
NTAP,2024-10-31,Q,1658,1177,345,299,9004,446
SNOW,2026-07-31,Q,1547,1037,-263,-192,8690,335
SNOW,2026-04-30,Q,1391,926,-326,-296,8554,243
SNOW,2026-01-31,A,4684,3146,-1435,-1332,9132,1222
SNOW,2026-01-31,Q,1284,858,-318,-310,9132,1222
SNOW,2025-10-31,Q,1213,822,-329,-294,8230,441
SNOW,2025-07-31,Q,1145,773,-340,-298,8197,303
SNOW,2025-04-30,Q,1042,693,-447,-430,8157,228
SNOW,2025-01-31,Q,987,654,-387,-327,9034,960
SNOW,2025-01-31,A,3626,2412,-1456,-1286,9034,960
SNOW,2024-10-31,Q,942,621,-365,-324,8202,527
MCHP,2026-06-30,Q,1485,939,337,202,14407,512
MCHP,2026-03-31,A,4713,2721,490,119,14370,962
MCHP,2026-03-31,Q,1311,800,217,116,14370,962
MCHP,2025-12-31,Q,1186,707,152,35,14326,705
MCHP,2025-09-30,Q,1140,638,89,14,14470,364
MCHP,2025-06-30,Q,1076,577,32,-46,14980,276
MCHP,2025-03-31,Q,971,501,-100,-157,15375,898
MCHP,2025-03-31,A,4402,2468,296,-3,15375,898
MCHP,2024-12-31,Q,1026,561,31,-54,15632,692
MCHP,2024-09-30,Q,1164,669,147,78,15622,421
ON,2026-06-30,Q,1604,616,259,227,13485,699
ON,2026-03-31,Q,1513,583,-53,-33,12011,239
ON,2025-12-31,A,5995,1984,84,121,12524,1760
ON,2025-12-31,Q,1530,551,200,182,12524,1760
ON,2025-09-30,Q,1551,587,264,255,13010,1205
ON,2025-06-30,Q,1469,552,193,170,13126,787
ON,2025-03-31,Q,1446,294,-574,-486,13254,602
ON,2024-12-31,A,7082,3216,1768,1573,14090,1906
ON,2024-12-31,Q,1723,779,409,380,14090,1906
ON,2024-09-30,Q,1762,799,445,402,13924,1327
SMCI,2026-06-30,Q,11120,1943,1488,1178,29945,-6810
SMCI,2026-06-30,A,39063,4227,2770,2230,29945,-6810
SMCI,2026-03-31,Q,10243,1019,626,483,23452,-7557
SMCI,2025-12-31,Q,12682,799,474,401,28002,-941
SMCI,2025-09-30,Q,5018,467,182,168,14386,-918
SMCI,2025-06-30,A,21972,2430,1253,1049,14018,1660
SMCI,2025-06-30,Q,5757,544,228,195,14018,1660
SMCI,2025-03-31,Q,4600,440,147,109,10739,796
SMCI,2024-12-31,Q,5678,670,369,321,9728,169
SMCI,2024-09-30,Q,5937,776,509,424,10851,409
STX,2026-06-30,A,12195,5558,4094,3184,9972,3674
STX,2026-06-30,Q,3629,1898,1559,1294,9972,3674
STX,2026-03-31,Q,3112,1447,998,748,8892,2369
STX,2025-12-31,Q,2825,1176,843,593,8708,1255
STX,2025-09-30,Q,2629,1037,694,549,8442,532
STX,2025-06-30,A,9097,3200,1890,1469,8023,1083
STX,2025-06-30,Q,2444,914,568,488,8023,1083
STX,2025-03-31,Q,2160,760,431,340,7564,575
STX,2024-12-31,Q,2325,812,488,336,7959,316
STX,2024-09-30,Q,2168,714,403,305,7972,95
WDC,2026-06-30,A,12919,6311,4453,9424,13861,3929
WDC,2026-06-30,Q,3747,2028,1563,3239,13861,3929
WDC,2026-03-31,Q,3337,1676,1190,3205,15045,2540
WDC,2025-12-31,Q,3017,1380,908,1798,15611,1417
WDC,2025-09-30,Q,2818,1227,792,1182,14359,672
WDC,2025-06-30,A,9520,3692,2334,1889,14002,1691
WDC,2025-06-30,Q,2605,1067,680,293,14002,1691
WDC,2025-03-31,Q,2294,912,760,520,16368,945
WDC,2024-12-31,Q,2409,907,560,583,,437
WDC,2024-09-30,Q,2212,806,334,493,24771,34
KEYS,2026-07-31,Q,1846,1216,461,397,11921,1379
KEYS,2026-04-30,Q,1717,1178,407,349,11738,942
KEYS,2026-01-31,Q,1600,995,248,281,11481,441
KEYS,2025-10-31,A,5375,3337,876,850,11301,1409
KEYS,2025-10-31,Q,1419,869,217,233,11301,1409
KEYS,2025-07-31,Q,1352,834,234,191,10651,1184
KEYS,2025-04-30,Q,1306,814,207,257,10535,862
KEYS,2025-01-31,Q,1298,820,218,169,9387,378
KEYS,2024-10-31,A,4979,3133,833,614,9269,1052
KEYS,2024-10-31,Q,1287,802,230,-73,9269,1052
ZS,2026-07-31,A,3353,2575,-133,-63,7867,1130
ZS,2026-07-31,Q,898,689,-15,-3,7867,1130
ZS,2026-04-30,Q,850,658,-30,-14,7098,850
ZS,2026-01-31,Q,816,624,-52,-34,6754,652
ZS,2025-10-31,Q,788,603,-36,-12,6503,448
ZS,2025-07-31,A,2673,2055,-128,-41,6420,972
ZS,2025-07-31,Q,719,547,-32,-18,6420,972
ZS,2025-04-30,Q,678,522,-25,-4,5340,722
ZS,2025-01-31,Q,648,499,-40,-8,5006,511
ZS,2024-10-31,Q,628,486,-31,-12,4709,331
CTSH,2026-06-30,Q,5481,1829,874,636,20825,832
CTSH,2026-03-31,Q,5413,1775,843,662,20500,274
CTSH,2025-12-31,A,21108,7117,3389,2230,20692,2883
CTSH,2025-12-31,Q,5333,1799,853,648,20692,2883
CTSH,2025-09-30,Q,5415,1834,866,274,20134,2025
CTSH,2025-06-30,Q,5245,1766,817,645,20164,798
CTSH,2025-03-31,Q,5115,1718,853,663,19967,400
CTSH,2024-12-31,A,19736,6778,2892,2240,19966,2124
CTSH,2024-12-31,Q,5082,1785,751,546,19966,2124
CTSH,2024-09-30,Q,5044,1733,738,582,20164,1204
DDOG,2026-06-30,Q,1121,881,5,45,7548,650
DDOG,2026-03-31,Q,1006,797,7,53,6952,335
DDOG,2025-12-31,A,3427,2740,-44,108,6644,1050
DDOG,2025-12-31,Q,953,766,9,47,6644,1050
DDOG,2025-09-30,Q,886,709,-6,34,6052,723
DDOG,2025-06-30,Q,827,661,-35,3,5822,472
DDOG,2025-03-31,Q,762,604,-12,25,6010,272
DDOG,2024-12-31,A,2684,2169,54,184,5785,871
DDOG,2024-12-31,Q,738,594,9,46,5785,871
DDOG,2024-09-30,Q,690,552,20,52,4631,605
FICO,2026-06-30,Q,674,587,363,237,2037,778
FICO,2026-03-31,Q,692,600,402,264,2048,397
FICO,2025-12-31,Q,512,425,234,158,1854,174
FICO,2025-09-30,A,1991,1637,925,652,1868,779
FICO,2025-09-30,Q,516,425,237,155,1868,779
FICO,2025-06-30,Q,536,449,263,182,1862,555
FICO,2025-03-31,Q,499,411,246,163,1836,269
FICO,2024-12-31,Q,440,353,180,153,1707,194
FICO,2024-09-30,A,1718,1369,734,513,1718,633
FICO,2024-09-30,Q,454,364,197,136,1718,633
HUBS,2026-06-30,Q,912,751,43,43,3504,422
HUBS,2026-03-31,Q,881,735,28,33,3829,199
HUBS,2025-12-31,A,3131,2623,7,46,3854,761
HUBS,2025-12-31,Q,847,709,48,54,3854,761
HUBS,2025-09-30,Q,810,676,11,17,3502,513
HUBS,2025-06-30,Q,761,639,-25,-3,3684,326
HUBS,2025-03-31,Q,714,599,-27,-22,3896,162
HUBS,2024-12-31,A,2628,2234,-68,5,3796,599
HUBS,2024-12-31,Q,703,600,-11,5,3796,599
HUBS,2024-09-30,Q,670,570,-10,8,3557,404
IT,2026-06-30,Q,1676,1189,379,275,7194,789
IT,2026-03-31,Q,1511,1082,316,222,7655,391
IT,2025-12-31,Q,1753,1180,334,242,8085,1290
IT,2025-12-31,A,6497,4444,1026,729,8085,1290
IT,2025-09-30,Q,1524,1050,86,35,7249,996
IT,2025-06-30,Q,1686,1155,327,241,8328,697
IT,2025-03-31,Q,1534,1059,278,211,8480,314
IT,2024-12-31,A,6267,4244,1156,1254,8535,1485
IT,2024-12-31,Q,1715,1140,318,399,8535,1485
IT,2024-09-30,Q,1484,1009,246,415,7845,1150
NET,2026-06-30,Q,696,500,-206,-170,6474,276
NET,2026-03-31,Q,640,456,-62,-23,6164,158
NET,2025-12-31,A,2168,1615,-207,-102,6036,603
NET,2025-12-31,Q,615,453,-49,-12,6036,603
NET,2025-09-30,Q,562,416,-37,-1,5786,413
NET,2025-06-30,Q,512,384,-67,-50,5562,246
NET,2025-03-31,Q,479,364,-53,-38,3721,146
NET,2024-12-31,A,1670,1291,-155,-79,3301,380
NET,2024-12-31,Q,460,351,-35,-13,3301,380
NET,2024-09-30,Q,430,334,-31,-15,3063,253
ROP,2026-06-30,Q,2109,1470,585,1169,35170,1062
ROP,2026-03-31,Q,2095,1454,570,509,34551,592
ROP,2025-12-31,A,7903,5472,2235,1536,34577,2540
ROP,2025-12-31,Q,2059,1430,588,428,34577,2540
ROP,2025-09-30,Q,2018,1403,573,399,34584,1802
ROP,2025-06-30,Q,1944,1345,548,378,33220,933
ROP,2025-03-31,Q,1883,1294,526,331,31419,529
ROP,2024-12-31,A,7039,4878,1997,1549,31335,2393
ROP,2024-12-31,Q,1877,1282,525,462,31335,2393
ROP,2024-09-30,Q,1765,1222,497,368,31553,1671
TEAM,2026-06-30,Q,1766,1528,211,139,6104,1353
TEAM,2026-06-30,A,6572,5575,10,-54,6104,1353
TEAM,2026-03-31,Q,1787,1524,-56,-98,5651,874
TEAM,2025-12-31,Q,1586,1349,-48,-43,6160,307
TEAM,2025-09-30,Q,1433,1175,-96,-52,5721,129
TEAM,2025-06-30,Q,1384,1150,-28,-24,6042,1460
TEAM,2025-06-30,A,5215,4320,-130,-257,6042,1460
TEAM,2025-03-31,Q,1357,1137,-12,-71,5884,1085
TEAM,2024-12-31,Q,1286,1063,-57,-38,5446,432
TEAM,2024-09-30,Q,1188,970,-32,-124,4993,80
ARM,2026-06-30,Q,1289,1253,91,270,11196,902
ARM,2026-03-31,A,4920,4799,900,904,10703,1524
ARM,2026-03-31,Q,1490,1458,438,313,10703,1524
ARM,2025-12-31,Q,1242,1212,185,223,10176,1264
ARM,2025-09-30,Q,1135,1106,163,238,9710,899
ARM,2025-06-30,Q,1053,1023,114,130,9395,332
ARM,2025-03-31,A,4007,3886,831,792,8932,397
ARM,2025-03-31,Q,1241,1213,410,210,8932,397
ARM,2024-12-31,Q,983,955,175,252,8496,139
ARM,2024-09-30,Q,844,812,64,107,8086,-284
ASML,2026-06-30,Q,10844,5855,4018,3392,58385,-561
ASML,2026-03-31,Q,10261,5437,3696,3226,56250,-2558
ASML,2025-12-31,A,36960,19526,12786,10872,57211,14322
ASML,2025-12-31,Q,11287,5899,3992,3308,57211,14322
ASML,2025-09-30,Q,8785,4536,2885,2483,52714,1459
ASML,2025-06-30,Q,8732,4688,3024,2600,50913,782
ASML,2025-03-31,Q,8156,4403,2884,2481,47912,-62
ASML,2024-12-31,A,30583,15682,9763,8193,52579,12083
ASML,2024-12-31,Q,9906,5124,3593,2882,52579,12083
ASML,2024-09-30,Q,8211,4171,2684,2283,45926,1783
ASX,2026-06-30,Q,6057,1273,670,668,33961,2644
ASX,2026-03-31,Q,5488,1101,554,447,30258,1150
ASX,2025-12-31,A,20573,3640,1639,1276,28355,4535
ASX,2025-12-31,Q,5540,1084,573,438,28355,4535
ASX,2025-09-30,Q,5630,964,441,363,28144,2386
ASX,2025-06-30,Q,4899,835,331,244,24868,1847
ASX,2025-03-31,Q,4504,757,294,230,23535,607
ASX,2024-12-31,A,18158,2956,1230,987,22600,2769
ASX,2024-12-31,Q,4639,760,356,267,22600,2769
ASX,2024-09-30,Q,4963,819,356,300,22151,1722
INFY,2026-06-30,Q,5082,1600,1072,819,16359,1036
INFY,2026-03-31,A,20158,6079,4085,3313,16446,4039
INFY,2026-03-31,Q,5042,1555,1055,918,16446,4039
INFY,2025-12-31,Q,5099,1439,937,747,15953,3102
INFY,2025-09-30,Q,5076,1560,1065,839,18064,2140
INFY,2025-06-30,Q,4941,1525,1028,809,17447,983
INFY,2025-03-31,A,19277,5872,4071,3158,17419,4351
INFY,2025-03-31,Q,4730,1428,991,814,17419,4351
INFY,2024-12-31,Q,4939,1495,1053,804,16291,3375
INFY,2024-09-30,Q,4894,1494,1033,777,16928,2050
SAP,2026-06-30,Q,11485,8404,3074,2535,87911,7751
SAP,2026-03-31,Q,11183,8161,3207,2261,85980,4112
SAP,2025-12-31,A,41636,30337,10881,8102,79608,10359
SAP,2025-12-31,Q,11284,8064,2727,1958,79608,10359
SAP,2025-09-30,Q,10609,7798,2908,2342,79948,9186
SAP,2025-06-30,Q,10247,7515,2788,1926,77647,7216
SAP,2025-03-31,Q,9495,6960,2458,1875,79675,3982
SAP,2024-12-31,A,36982,26980,5048,3380,80207,5649
SAP,2024-12-31,Q,10013,7414,2150,1714,80207,5649
SAP,2024-09-30,Q,9314,6831,2436,1609,76585,6347
SHOP,2026-06-30,Q,3583,1708,488,1502,14470,1139
SHOP,2026-03-31,Q,3170,1546,382,-581,14121,481
SHOP,2025-12-31,A,11556,5555,1468,1231,15189,2033
SHOP,2025-12-31,Q,3672,1693,631,743,15189,2033
SHOP,2025-09-30,Q,2844,1391,343,264,15039,1308
SHOP,2025-06-30,Q,2680,1302,291,906,14561,795
SHOP,2025-03-31,Q,2360,1169,203,-682,13400,367
SHOP,2024-12-31,A,8880,4472,1075,2019,13924,1616
SHOP,2024-12-31,Q,2812,1352,465,1293,13924,1616
SHOP,2024-09-30,Q,2162,1118,283,828,12329,1001
SONY,2026-06-30,Q,17878,6561,3002,2156,101098,1244
SONY,2026-03-31,A,82365,25373,9554,-2157,103511,12841
SONY,2026-03-31,Q,19004,5816,943,303,103511,12841
SONY,2025-12-31,Q,24139,6864,3348,-6556,103252,8796
SONY,2025-09-30,Q,21134,6851,2917,2461,245670,3207
SONY,2025-06-30,Q,18089,5841,2346,1635,242428,534
SONY,2025-03-31,A,85517,29385,9287,7535,232935,15323
SONY,2025-03-31,Q,17671,4450,1354,1317,232935,15323
SONY,2024-12-31,Q,29103,11312,3098,2467,237544,10718
SONY,2024-09-30,Q,19468,5768,3049,2268,229681,4129
STM,2026-06-30,Q,3487,1215,187,222,27032,1036
STM,2026-03-31,Q,3095,1045,70,37,25130,534
STM,2025-12-31,Q,3330,1173,125,-30,24800,2152
STM,2025-12-31,A,11800,3999,175,166,24800,2152
STM,2025-09-30,Q,3187,1059,180,237,24686,1478
STM,2025-06-30,Q,2766,926,-133,-97,25463,928
STM,2025-03-31,Q,2517,841,3,56,24923,574
STM,2024-12-31,A,13269,5220,1676,1557,24743,2965
STM,2024-12-31,Q,3321,1252,369,340,24743,2965
STM,2024-09-30,Q,3251,1228,381,351,25516,2284
UMC,2026-06-30,Q,2179,708,474,1340,21111,1765
UMC,2026-03-31,Q,1929,563,356,511,18958,695
UMC,2025-12-31,A,7573,2197,1401,1287,18083,3183
UMC,2025-12-31,Q,1929,590,381,260,18083,3183
UMC,2025-09-30,Q,1975,589,371,500,18550,2233
UMC,2025-06-30,Q,1910,549,352,289,17815,1493
UMC,2025-03-31,Q,1759,470,297,236,17418,724
UMC,2024-12-31,A,7085,2307,1574,1488,17084,2863
UMC,2024-12-31,Q,1717,519,337,280,17084,2863
UMC,2024-09-30,Q,1875,633,437,449,17803,1888
WIT,2026-06-30,Q,2586,738,414,355,13913,348
WIT,2026-03-31,A,9871,2878,1612,1407,15127,1591
WIT,2026-03-31,Q,2110,612,370,306,15127,1591
WIT,2025-12-31,Q,2622,761,398,347,15715,1309
WIT,2025-09-30,Q,2557,757,427,366,14763,845
WIT,2025-06-30,Q,2582,748,417,388,15252,480
WIT,2025-03-31,A,10428,3197,1771,1537,15059,1983
WIT,2025-03-31,Q,2520,779,439,402,15059,1983
WIT,2024-12-31,Q,2609,810,456,392,15219,1543
WIT,2024-09-30,Q,2663,812,444,383,15044,987
CHKP,2026-06-30,Q,674,585,185,194,7512,617
CHKP,2026-03-31,Q,668,581,185,192,7613,445
CHKP,2025-12-31,A,2725,2396,831,1057,7806,1199
CHKP,2025-12-31,Q,745,656,233,305,7806,1199
CHKP,2025-09-30,Q,678,597,199,359,5700,915
CHKP,2025-06-30,Q,665,582,204,203,5687,683
CHKP,2025-03-31,Q,638,561,196,191,5558,421
CHKP,2024-12-31,A,2565,2271,876,846,5755,1052
CHKP,2024-12-31,Q,704,621,254,258,5755,1052
CHKP,2024-09-30,Q,635,561,219,207,5513,806
ERIC,2026-06-30,Q,5627,2576,632,432,30748,997
ERIC,2026-03-31,Q,5397,2549,158,97,31769,810
ERIC,2025-12-31,A,24189,11515,3948,2905,28537,3368
ERIC,2025-12-31,Q,7307,3453,1138,872,28537,3368
ERIC,2025-09-30,Q,5911,2814,1592,1172,29688,1729
ERIC,2025-06-30,Q,5810,2758,661,473,28002,881
ERIC,2025-03-31,Q,5161,2489,556,389,26074,409
ERIC,2024-12-31,A,23449,10346,408,2,27659,4376
ERIC,2024-12-31,Q,6803,3052,722,430,27659,4376
ERIC,2024-09-30,Q,5932,2706,554,366,26155,2760
GIB,2026-06-30,Q,3029,,492,336,14144,1392
GIB,2026-03-31,Q,3029,,504,324,14071,964
GIB,2025-12-31,Q,2925,,470,317,13567,625
GIB,2025-09-30,A,11376,,1867,1186,13956,1597
GIB,2025-09-30,Q,2913,,494,278,13956,1597
GIB,2025-06-30,Q,2957,,482,295,13875,1136
GIB,2025-03-31,Q,2802,,464,299,13039,755
GIB,2024-12-31,Q,2703,,427,313,12801,462
GIB,2024-09-30,Q,2683,,438,320,12262,1620
GIB,2024-09-30,A,10786,,1705,1244,12262,1620
LOGI,2026-06-30,Q,1227,608,259,236,4034,167
LOGI,2026-03-31,A,4841,2091,775,711,3849,1037
LOGI,2026-03-31,Q,1086,483,136,143,3849,1037
LOGI,2025-12-31,Q,1421,615,286,251,4096,834
LOGI,2025-09-30,Q,1186,514,191,171,3707,354
LOGI,2025-06-30,Q,1148,479,162,146,3743,125
LOGI,2025-03-31,A,4555,1963,655,632,3539,843
LOGI,2025-03-31,Q,1010,436,106,144,3539,843
LOGI,2024-12-31,Q,1340,574,235,200,3732,713
LOGI,2024-09-30,Q,1116,486,161,145,3644,342
MNDY,2026-06-30,Q,365,322,-2,3,1620,160
MNDY,2026-03-31,Q,351,313,20,28,1692,105
MNDY,2025-12-31,A,1232,1099,-2,119,2107,334
MNDY,2025-12-31,Q,334,297,2,77,2107,334
MNDY,2025-09-30,Q,317,281,-2,13,2059,274
MNDY,2025-06-30,Q,299,268,-12,2,1964,179
MNDY,2025-03-31,Q,282,253,10,27,1846,112
MNDY,2024-12-31,Q,268,237,10,23,1686,311
MNDY,2024-12-31,A,972,868,-21,32,1686,311
MNDY,2024-09-30,Q,251,225,-27,-12,1585,234
NICE,2026-06-30,Q,782,501,104,83,5121,302
NICE,2026-03-31,Q,769,495,127,47,4983,179
NICE,2025-12-31,A,2945,1956,646,612,5106,717
NICE,2025-12-31,Q,786,514,176,151,5106,717
NICE,2025-09-30,Q,732,489,161,145,5152,537
NICE,2025-06-30,Q,727,485,161,187,5310,346
NICE,2025-03-31,Q,700,468,148,129,5232,285
NICE,2024-12-31,A,2735,1826,546,443,5296,833
NICE,2024-12-31,Q,722,489,154,100,5296,833
NICE,2024-09-30,Q,690,460,141,121,5189,583
NOK,2026-06-30,Q,5598,2495,-58,2,43341,188
NOK,2026-03-31,Q,5263,2327,74,101,43640,916
NOK,2025-12-31,Q,7073,3171,682,605,42537,2343
NOK,2025-12-31,A,22502,9797,1001,737,42537,2343
NOK,2025-09-30,Q,5643,2466,279,91,42132,1982
NOK,2025-06-30,Q,5161,2237,91,102,40899,1248
NOK,2025-03-31,Q,4625,1922,-51,-62,41361,938
NOK,2024-12-31,A,20798,9592,2163,1382,42363,2698
NOK,2024-12-31,Q,6165,2928,993,882,42363,2698
NOK,2024-09-30,Q,4757,2152,272,186,41658,2513
NXPI,2026-06-30,Q,3496,2002,1071,767,26665,1653
NXPI,2026-03-31,Q,3181,1788,1505,1122,27113,793
NXPI,2025-12-31,A,12269,6716,3047,2021,26560,2820
NXPI,2025-12-31,Q,3335,1807,744,455,26560,2820
NXPI,2025-09-30,Q,3173,1787,893,631,26354,1929
NXPI,2025-06-30,Q,2926,1562,687,445,25250,1344
NXPI,2025-03-31,Q,2835,1560,723,490,25180,565
NXPI,2024-12-31,A,12614,7119,3417,2510,24385,2782
NXPI,2024-12-31,Q,3111,1678,675,495,24385,2782
NXPI,2024-09-30,Q,3250,1866,990,718,23669,2391
OTEX,2026-06-30,A,5246,3868,1083,643,13107,1007
OTEX,2026-06-30,Q,1349,1011,320,156,13107,1007
OTEX,2026-03-31,Q,1283,937,201,173,13325,821
OTEX,2025-12-31,Q,1327,982,292,168,13570,466
OTEX,2025-09-30,Q,1288,938,270,147,13475,148
OTEX,2025-06-30,A,5168,3734,893,436,13774,831
OTEX,2025-06-30,Q,1311,948,182,29,13774,831
OTEX,2025-03-31,Q,1254,898,209,93,13755,672
OTEX,2024-12-31,Q,1335,978,296,230,13732,270
OTEX,2024-09-30,Q,1269,910,206,84,13779,-78
WIX,2026-06-30,Q,563,370,-59,-76,1850,134
WIX,2026-03-31,Q,541,353,-70,-57,2981,79
WIX,2025-12-31,A,1993,1357,2,51,2611,583
WIX,2025-12-31,Q,524,353,-73,-40,2611,583
WIX,2025-09-30,Q,505,345,-7,-1,2559,425
WIX,2025-06-30,Q,490,337,44,58,1996,296
WIX,2025-03-31,Q,474,322,37,34,1806,145
WIX,2024-12-31,A,1761,1196,100,138,1913,497
WIX,2024-12-31,Q,460,317,36,48,1913,497
WIX,2024-09-30,Q,445,303,26,27,1714,364
ASMIY,2026-06-30,Q,1166,606,375,332,7132,593
ASMIY,2026-03-31,Q,1009,538,325,279,6822,51
ASMIY,2025-12-31,A,3590,1860,1061,819,6038,1200
ASMIY,2025-12-31,Q,822,411,204,170,6038,1200
ASMIY,2025-09-30,Q,935,485,284,449,6132,1049
ASMIY,2025-06-30,Q,949,492,293,230,5719,663
ASMIY,2025-03-31,Q,884,472,280,-30,5416,365
ASMIY,2024-12-31,A,3174,1603,868,742,5586,971
ASMIY,2024-12-31,Q,863,434,237,242,5586,971
ASMIY,2024-09-30,Q,856,423,237,141,5167,696
BABA,2026-06-30,Q,39639,15159,2891,1553,289179,3382
BABA,2026-03-31,A,148401,59080,8650,15353,276830,11049
BABA,2026-03-31,Q,38290,13437,129,4052,276830,11049
BABA,2025-12-31,Q,40732,16489,2883,2334,268593,9553
BABA,2025-09-30,Q,34808,13628,754,2948,264627,4322
BABA,2025-06-30,Q,34571,15526,4884,6019,257843,2886
BABA,2025-03-31,A,137300,54854,20267,17841,248629,22532
BABA,2025-03-31,Q,31748,12197,3802,1544,248629,22532
BABA,2024-12-31,Q,38381,16115,6490,6705,254129,18630
BABA,2024-09-30,Q,33701,13177,5023,6252,251184,9273
BESIY,2026-06-30,Q,291,191,126,103,1352,164
BESIY,2026-03-31,Q,216,137,75,60,1403,109
BESIY,2025-12-31,A,669,423,196,149,1260,202
BESIY,2025-12-31,Q,194,124,65,50,1260,202
BESIY,2025-09-30,Q,155,97,40,30,1249,152
BESIY,2025-06-30,Q,168,106,49,36,1212,80
BESIY,2025-03-31,Q,152,97,41,33,1305,47
BESIY,2024-12-31,A,657,428,212,197,1336,218
BESIY,2024-12-31,Q,164,105,54,63,1336,218
BESIY,2024-09-30,Q,172,111,61,51,1282,151
BIDU,2026-06-30,Q,4617,1802,446,342,69259,
BIDU,2026-03-31,Q,4650,1810,463,499,65173,
BIDU,2025-12-31,Q,5040,2228,209,292,64229,-431
BIDU,2025-12-31,A,18458,8100,-833,799,64229,-431
BIDU,2025-09-30,Q,4379,1806,-2120,-1578,62378,
BIDU,2025-06-30,Q,4567,2004,457,1022,62897,
BIDU,2025-03-31,Q,4472,2062,621,1063,62560,
BIDU,2024-12-31,A,18238,9182,2914,3255,58606,2909
BIDU,2024-12-31,Q,4422,2078,492,657,58606,2909
BIDU,2024-09-30,Q,4782,2445,844,1088,59467,
DASTY,2026-06-30,Q,1809,1521,417,371,18973,1438
DASTY,2026-03-31,Q,1766,1484,407,342,18103,1110
DASTY,2025-12-31,A,7055,5907,1532,1353,17038,1844
DASTY,2025-12-31,Q,1964,1668,584,504,17038,1844
DASTY,2025-09-30,Q,1707,1430,353,321,16540,1559
DASTY,2025-06-30,Q,1727,1427,274,254,16364,1302
DASTY,2025-03-31,Q,1657,1383,321,274,16157,856
DASTY,2024-12-31,Q,1875,1590,519,442,16822,1796
DASTY,2024-12-31,A,6724,5624,1471,1299,16822,1796
DASTY,2024-09-30,Q,1610,1332,304,264,15459,1482
IFNNY,2026-06-30,Q,4851,1980,691,492,36813,
IFNNY,2026-03-31,Q,4462,1729,536,352,37120,997
IFNNY,2025-12-31,Q,4264,1702,452,298,35788,483
IFNNY,2025-09-30,A,16222,6365,1676,1123,33712,3559
IFNNY,2025-09-30,Q,4583,1748,521,270,33712,3559
IFNNY,2025-06-30,Q,4205,1720,481,346,31853,
IFNNY,2025-03-31,Q,3783,1465,335,244,30488,1241
IFNNY,2024-12-31,Q,3651,1432,339,262,31698,575
IFNNY,2024-09-30,A,16223,6584,2376,1411,31068,3016
IFNNY,2024-09-30,Q,4307,1734,522,-83,31068,3016
LNVGY,2026-03-31,A,83075,12809,3262,1912,57129,4024
LNVGY,2026-03-31,Q,21588,3539,886,521,57129,4024
LNVGY,2025-12-31,Q,22204,3349,948,546,52632,3714
LNVGY,2025-09-30,Q,20452,3147,643,340,49831,2762
LNVGY,2025-06-30,Q,18830,2774,785,505,46323,1219
LNVGY,2025-03-31,A,69077,11098,2164,1384,44231,1100
LNVGY,2025-03-31,Q,16984,2783,331,90,44231,1100
LNVGY,2024-12-31,Q,18796,2959,688,693,44231,2122
LNVGY,2024-09-30,Q,17850,2796,651,359,44464,1778
LNVGY,2024-06-30,Q,15447,2560,494,243,40485,791
NTES,2026-06-30,Q,4437,3127,1782,1029,34223,3494
NTES,2026-03-31,Q,4435,3076,1835,1547,33546,1991
NTES,2025-12-31,A,16105,10353,5124,4828,31662,7256
NTES,2025-12-31,Q,4256,2733,1295,997,31662,7256
NTES,2025-09-30,Q,3984,2553,1126,1210,30129,5045
NTES,2025-06-30,Q,3894,2520,1265,1201,29105,3206
NTES,2025-03-31,Q,3973,2547,1439,1420,27679,1668
NTES,2024-12-31,A,14425,9016,4053,4069,26851,5436
NTES,2024-12-31,Q,3465,2103,1017,1150,26851,5436
NTES,2024-09-30,Q,3735,2348,1018,932,26348,3800
TCEHY,2026-03-31,Q,28369,16067,9729,8389,296221,14635
TCEHY,2025-12-31,A,104571,58783,33601,31276,283623,42155
TCEHY,2025-12-31,Q,27393,15263,8507,8197,283623,42155
TCEHY,2025-09-30,Q,26944,15199,8878,8820,289636,
TCEHY,2025-06-30,Q,25498,14513,8306,7688,278239,20905
TCEHY,2025-03-31,Q,24735,13808,7910,6571,263572,
TCEHY,2024-12-31,A,91842,48580,28947,26996,247736,35960
TCEHY,2024-12-31,Q,23969,12601,6560,7135,247736,35960
TCEHY,2024-09-30,Q,23340,12400,7445,7431,240581,
TCEHY,2024-06-30,Q,22250,11862,7006,6578,228551,17464
CIEN,2026-07-31,Q,1671,759,301,266,7997,684
CIEN,2026-04-30,Q,1571,692,238,218,6039,487
CIEN,2026-01-31,Q,1427,626,189,150,5892,228
CIEN,2025-10-31,A,4770,2005,198,123,5865,806
CIEN,2025-10-31,Q,1352,577,10,19,5865,806
CIEN,2025-07-31,Q,1219,503,74,50,5749,435
CIEN,2025-04-30,Q,1126,453,33,9,5659,261
CIEN,2025-01-31,Q,1072,472,81,45,5573,104
CIEN,2024-10-31,A,4015,1720,167,84,5641,515
CIEN,2024-10-31,Q,1124,460,59,37,5641,515
CRDO,2026-07-31,Q,479,309,121,129,3013,90
CRDO,2026-04-30,A,1335,908,445,472,2296,464
CRDO,2026-04-30,Q,437,298,156,169,2296,464
CRDO,2026-01-31,Q,407,279,150,157,2037,282
CRDO,2025-10-31,Q,268,181,79,83,1449,116
CRDO,2025-07-31,Q,223,150,61,63,905,54
CRDO,2025-04-30,A,437,283,37,52,809,65
CRDO,2025-04-30,Q,170,114,34,37,809,65
CRDO,2025-01-31,Q,135,86,26,29,720,7
CRDO,2024-10-31,Q,72,46,-8,-4,639,3
ALAB,2026-06-30,Q,392,288,89,153,1932,162
ALAB,2026-03-31,Q,308,235,62,80,1659,75
ALAB,2025-12-31,A,853,645,173,219,1532,319
ALAB,2025-12-31,Q,271,204,67,45,1532,319
ALAB,2025-09-30,Q,231,176,55,91,1401,224
ALAB,2025-06-30,Q,192,146,40,51,1271,146
ALAB,2025-03-31,Q,159,119,11,32,1122,11
ALAB,2024-12-31,A,396,303,-116,-83,1055,137
ALAB,2024-12-31,Q,141,104,0,25,1055,137
ALAB,2024-09-30,Q,113,88,-9,-8,983,97
CLS,2026-06-30,Q,4699,578,458,369,9788,767
CLS,2026-03-31,Q,4047,437,272,212,8260,356
CLS,2025-12-31,A,12391,1494,1041,833,7213,660
CLS,2025-12-31,Q,3655,433,314,268,7213,660
CLS,2025-09-30,Q,3194,416,325,268,6607,409
CLS,2025-06-30,Q,2893,371,273,211,6241,283
CLS,2025-03-31,Q,2649,274,129,86,5835,130
CLS,2024-12-31,Q,2546,297,203,152,5988,474
CLS,2024-12-31,A,9646,1034,599,428,5988,474
CLS,2024-09-30,Q,2500,261,138,90,5927,331
COHR,2026-06-30,A,7118,2669,838,770,18300,80
COHR,2026-06-30,Q,2046,787,298,241,18300,80
COHR,2026-03-31,Q,1806,680,192,191,17287,10
COHR,2025-12-31,Q,1686,623,195,145,15088,104
COHR,2025-09-30,Q,1581,579,153,193,14699,46
COHR,2025-06-30,Q,1529,546,91,-129,14911,634
COHR,2025-06-30,A,5810,2043,375,-81,14911,634
COHR,2025-03-31,Q,1498,528,72,-17,14445,503
COHR,2024-12-31,Q,1435,509,137,71,14197,340
COHR,2024-09-30,Q,1348,460,75,-6,14699,153
FLEX,2026-06-30,Q,7928,747,392,285,25198,276
FLEX,2026-03-31,A,27914,2567,1368,880,22060,1685
FLEX,2026-03-31,Q,7477,702,372,250,22060,1685
FLEX,2025-12-31,Q,7058,679,389,239,20820,1272
FLEX,2025-09-30,Q,6804,614,296,199,19546,852
FLEX,2025-06-30,Q,6575,572,311,192,19132,399
FLEX,2025-03-31,A,25813,2159,1169,838,18381,1505
FLEX,2025-03-31,Q,6398,563,305,222,18381,1505
FLEX,2024-12-31,Q,6556,594,334,263,18272,1072
FLEX,2024-09-30,Q,6545,531,297,214,18586,659
GFS,2026-06-30,Q,1786,505,174,166,16888,947
GFS,2026-03-31,Q,1634,451,180,103,16897,542
GFS,2025-12-31,A,6791,1690,797,885,17141,1731
GFS,2025-12-31,Q,1830,508,255,199,17141,1731
GFS,2025-09-30,Q,1688,419,195,248,16708,1357
GFS,2025-06-30,Q,1688,408,196,228,16803,762
GFS,2025-03-31,Q,1585,355,151,210,16479,331
GFS,2024-12-31,A,6750,1651,-214,-265,16799,1722
GFS,2024-12-31,Q,1830,449,-701,-730,16799,1722
GFS,2024-09-30,Q,1739,414,185,177,18105,1265
LITE,2026-06-30,Q,1006,477,279,-7160,7308,751
LITE,2026-06-30,A,3014,1256,525,-6935,7308,751
LITE,2026-03-31,Q,808,357,175,143,7028,388
LITE,2025-12-31,Q,666,240,64,78,4805,185
LITE,2025-09-30,Q,534,182,7,4,4613,58
LITE,2025-06-30,A,1645,460,-180,26,4219,126
LITE,2025-06-30,Q,481,160,-8,213,4219,126
LITE,2025-03-31,Q,425,123,-38,-44,3975,62
LITE,2024-12-31,Q,402,100,-52,-61,3966,64
LITE,2024-09-30,Q,337,78,-82,-82,3970,40
TER,2026-06-30,Q,1329,795,438,375,4926,734
TER,2026-03-31,Q,1282,781,473,399,4434,265
TER,2025-12-31,A,3190,1857,650,554,4184,674
TER,2025-12-31,Q,1083,620,293,257,4184,674
TER,2025-09-30,Q,769,449,145,120,3964,393
TER,2025-06-30,Q,652,373,91,78,3762,344
TER,2025-03-31,Q,686,415,121,99,3706,162
TER,2024-12-31,A,2820,1649,594,542,3709,672
TER,2024-12-31,Q,753,447,154,146,3709,672
TER,2024-09-30,Q,737,437,152,146,3770,390
JBL,2026-05-31,Q,8751,828,445,275,23819,1269
JBL,2026-02-28,Q,8282,746,374,223,20628,734
JBL,2025-11-30,Q,8305,742,283,146,19276,323
JBL,2025-08-31,A,29802,2646,1182,657,18543,1640
JBL,2025-08-31,Q,8252,783,337,218,18543,1640
JBL,2025-05-31,Q,7828,681,403,222,18587,1052
JBL,2025-02-28,Q,6728,576,245,117,17396,646
JBL,2024-11-30,Q,6994,606,197,100,17771,312
JBL,2024-08-31,A,28883,2676,2013,1388,17351,1716
JBL,2024-08-31,Q,6964,663,318,138,17351,1716
DOCU,2026-07-31,Q,876,698,118,78,3961,656
DOCU,2026-04-30,Q,830,659,111,78,3984,322
DOCU,2026-01-31,A,3220,2556,299,309,4230,1165
DOCU,2026-01-31,Q,837,667,88,90,4230,1165
DOCU,2025-10-31,Q,818,648,85,84,3982,788
DOCU,2025-07-31,Q,801,635,65,63,3950,498
DOCU,2025-04-30,Q,764,606,60,72,3947,251
DOCU,2025-01-31,A,2977,2355,200,1068,4013,1017
DOCU,2025-01-31,Q,776,616,60,83,4013,1017
DOCU,2024-10-31,Q,755,598,59,62,3770,709
ZM,2026-07-31,Q,1277,985,314,1542,13585,1016
ZM,2026-04-30,Q,1239,965,310,426,12162,522
ZM,2026-01-31,A,4869,3750,1124,1900,11960,1989
ZM,2026-01-31,Q,1247,951,250,674,11960,1989
ZM,2025-10-31,Q,1230,958,310,613,11391,1635
ZM,2025-07-31,Q,1217,944,322,359,11044,1005
ZM,2025-04-30,Q,1175,896,242,255,10952,489
ZM,2025-01-31,A,4665,3536,813,1010,10988,1945
ZM,2025-01-31,Q,1184,897,225,368,10988,1945
ZM,2024-10-31,Q,1178,894,183,207,10680,1521
AKAM,2026-06-30,Q,1100,614,80,79,15073,639
AKAM,2026-03-31,Q,1074,602,114,106,11646,313
AKAM,2025-12-31,A,4208,2481,567,452,11480,1519
AKAM,2025-12-31,Q,1095,642,95,85,11480,1519
AKAM,2025-09-30,Q,1055,625,166,140,10833,1152
AKAM,2025-06-30,Q,1043,617,151,104,10536,710
AKAM,2025-03-31,Q,1015,596,155,123,9982,251
AKAM,2024-12-31,A,3991,2370,533,505,10369,1519
AKAM,2024-12-31,Q,1020,606,148,140,10369,1519
AKAM,2024-09-30,Q,1005,596,71,58,10190,1175
CDW,2026-06-30,Q,6572,1320,429,274,17255,220
CDW,2026-03-31,Q,5680,1190,376,235,16453,275
CDW,2025-12-31,A,22424,4873,1656,1067,16028,1205
CDW,2025-12-31,Q,5511,1254,431,280,16028,1205
CDW,2025-09-30,Q,5737,1256,443,291,15198,771
CDW,2025-06-30,Q,5977,1241,420,271,15266,443
CDW,2025-03-31,Q,5199,1122,361,225,15019,287
CDW,2024-12-31,A,20999,4602,1651,1078,14678,1277
CDW,2024-12-31,Q,5186,1155,409,264,14678,1277
CDW,2024-09-30,Q,5517,1201,482,316,14377,932
FFIV,2026-06-30,Q,865,712,213,208,6829,841
FFIV,2026-03-31,Q,812,661,179,148,6497,525
FFIV,2025-12-31,Q,822,671,214,180,6292,159
FFIV,2025-09-30,A,3088,2514,766,692,6319,950
FFIV,2025-09-30,Q,810,666,206,190,6319,950
FFIV,2025-06-30,Q,780,632,196,190,6113,742
FFIV,2025-03-31,Q,731,590,159,146,5907,459
FFIV,2024-12-31,Q,766,626,205,166,5901,203
FFIV,2024-09-30,A,2816,2258,659,567,5613,792
FFIV,2024-09-30,Q,747,603,191,165,5613,792
GDDY,2026-06-30,Q,1298,828,343,240,7997,914
GDDY,2026-03-31,Q,1267,808,311,215,8154,472
GDDY,2025-12-31,A,4951,3150,1127,875,8035,1599
GDDY,2025-12-31,Q,1274,824,317,245,8035,1599
GDDY,2025-09-30,Q,1265,797,297,211,7985,1229
GDDY,2025-06-30,Q,1218,775,266,200,8274,785
GDDY,2025-03-31,Q,1194,754,247,220,7839,405
GDDY,2024-12-31,A,4573,2921,894,937,8235,1288
GDDY,2024-12-31,Q,1193,771,256,199,8235,1288
GDDY,2024-09-30,Q,1148,740,254,191,7997,947
GRMN,2026-06-30,Q,2022,1262,616,542,11424,940
GRMN,2026-03-31,Q,1753,1042,432,405,10952,536
GRMN,2025-12-31,A,7246,4256,1876,1664,10994,1633
GRMN,2025-12-31,Q,2125,1258,614,529,10994,1633
GRMN,2025-09-30,Q,1771,1046,457,402,10523,1080
GRMN,2025-06-30,Q,1815,1067,472,401,10324,594
GRMN,2025-03-31,Q,1535,885,333,333,9788,421
GRMN,2024-12-31,Q,1823,1080,516,436,9631,1432
GRMN,2024-12-31,A,6297,3697,1594,1411,9631,1432
GRMN,2024-09-30,Q,1586,952,437,399,9348,949
PTC,2026-06-30,Q,600,490,167,119,6514,851
PTC,2026-03-31,Q,774,661,296,591,6537,591
PTC,2025-12-31,Q,686,568,221,167,6427,270
PTC,2025-09-30,A,2739,2294,982,734,6617,868
PTC,2025-09-30,Q,894,777,434,348,6617,868
PTC,2025-06-30,Q,644,534,210,141,6229,764
PTC,2025-03-31,Q,636,530,223,163,6162,520
PTC,2024-12-31,Q,565,453,116,82,6075,238
PTC,2024-09-30,A,2298,1854,588,376,6384,750
PTC,2024-09-30,Q,627,514,194,127,6384,750
TYL,2026-06-30,Q,645,307,95,94,5814,232
TYL,2026-03-31,Q,614,296,100,81,4799,107
TYL,2025-12-31,A,2332,1084,358,316,5639,654
TYL,2025-12-31,Q,575,262,75,66,5639,654
TYL,2025-09-30,Q,596,281,98,84,5457,410
TYL,2025-06-30,Q,596,273,96,85,5426,154
TYL,2025-03-31,Q,565,267,89,81,5192,56
TYL,2024-12-31,A,2138,936,300,263,5180,625
TYL,2024-12-31,Q,541,237,72,65,5180,625
TYL,2024-09-30,Q,543,237,83,76,4997,400
VRSN,2026-06-30,Q,435,385,296,217,1803,504
VRSN,2026-03-31,Q,429,380,294,215,1297,272
VRSN,2025-12-31,Q,425,376,285,206,1326,1091
VRSN,2025-12-31,A,1657,1460,1121,826,1326,1091
VRSN,2025-09-30,Q,419,370,284,213,1404,802
VRSN,2025-06-30,Q,410,361,281,207,1408,494
VRSN,2025-03-31,Q,402,353,271,199,1448,291
VRSN,2024-12-31,A,1557,1366,1058,786,1407,903
VRSN,2024-12-31,Q,395,347,264,192,1407,903
VRSN,2024-09-30,Q,391,344,269,201,1462,671
MDB,2026-07-31,Q,772,570,28,41,3778,344
MDB,2026-04-30,Q,688,496,-25,4,3693,202
MDB,2026-01-31,A,2464,1768,-137,-71,3759,505
MDB,2026-01-31,Q,695,508,0,16,3759,505
MDB,2025-10-31,Q,628,449,-18,-2,3567,326
MDB,2025-07-31,Q,591,420,-65,-47,3542,182
MDB,2025-04-30,Q,549,391,-54,-38,3624,110
MDB,2025-01-31,A,2006,1471,-216,-129,3430,150
MDB,2025-01-31,Q,548,399,-19,16,3430,150
MDB,2024-10-31,Q,529,394,-28,-10,3225,100
NTNX,2026-07-31,A,2854,2477,274,1507,5074,917
NTNX,2026-07-31,Q,757,651,70,1270,5074,917
NTNX,2026-04-30,Q,703,611,71,72,3419,602
NTNX,2026-01-31,Q,723,632,84,103,3277,394
NTNX,2025-10-31,Q,671,583,49,62,3324,197
NTNX,2025-07-31,A,2538,2203,173,188,3283,821
NTNX,2025-07-31,Q,653,569,31,39,3283,821
NTNX,2025-04-30,Q,639,556,49,63,3097,602
NTNX,2025-01-31,Q,655,569,65,56,2989,383
NTNX,2024-10-31,Q,591,508,27,30,2181,162
OKTA,2026-07-31,Q,805,641,107,116,9138,511
OKTA,2026-04-30,Q,765,595,56,74,9347,277
OKTA,2026-01-31,A,2919,2258,149,235,9710,884
OKTA,2026-01-31,Q,761,593,46,63,9710,884
OKTA,2025-10-31,Q,742,572,23,43,9229,626
OKTA,2025-07-31,Q,728,560,41,67,9550,408
OKTA,2025-04-30,Q,688,533,39,62,9365,241
OKTA,2025-01-31,A,2610,1992,-74,28,9437,750
OKTA,2025-01-31,Q,682,524,8,23,9437,750
OKTA,2024-10-31,Q,665,508,-16,16,9010,464
CNSWF,2026-06-30,Q,3335,1242,491,274,17615,1374
CNSWF,2026-03-31,Q,3181,1125,434,367,16969,897
CNSWF,2025-12-31,A,11623,4368,1893,512,16171,2732
CNSWF,2025-12-31,Q,3177,1219,543,110,16171,2732
CNSWF,2025-09-30,Q,2948,1125,500,210,15326,1944
CNSWF,2025-06-30,Q,2844,1076,468,56,14728,1260
CNSWF,2025-03-31,Q,2654,948,382,136,13896,827
CNSWF,2024-12-31,Q,2704,1026,453,285,12848,2196
CNSWF,2024-12-31,A,10066,3615,1463,731,12848,2196
CNSWF,2024-09-30,Q,2541,919,387,164,12573,1518
EPAM,2026-06-30,Q,1415,430,152,103,4574,-39
EPAM,2026-03-31,Q,1400,388,117,83,4703,-36
EPAM,2025-12-31,A,5457,1574,520,378,4902,655
EPAM,2025-12-31,Q,1408,423,149,109,4902,655
EPAM,2025-09-30,Q,1394,411,145,107,4843,372
EPAM,2025-06-30,Q,1353,389,126,88,4711,77
EPAM,2025-03-31,Q,1302,350,99,73,4724,24
EPAM,2024-12-31,Q,1248,380,137,103,4750,559
EPAM,2024-12-31,A,4728,1450,545,455,4750,559
EPAM,2024-09-30,Q,1168,404,177,136,4457,429
GEN,2026-06-30,Q,1336,1029,443,215,15644,434
GEN,2026-03-31,A,5000,3923,2120,973,15589,1545
GEN,2026-03-31,Q,1283,1007,803,512,15589,1545
GEN,2025-12-31,Q,1240,972,433,192,15831,1066
GEN,2025-09-30,Q,1220,954,438,134,16051,525
GEN,2025-06-30,Q,1257,990,446,135,16360,409
GEN,2025-03-31,Q,1010,811,417,142,15495,1221
GEN,2025-03-31,A,3935,3159,1610,643,15495,1221
GEN,2024-12-31,Q,986,793,374,159,15363,748
GEN,2024-09-30,Q,974,780,402,161,15471,422
SNDK,2026-06-30,Q,8965,7582,7037,6903,22507,11671
SNDK,2026-06-30,A,20248,14472,12389,11433,22507,11671
SNDK,2026-03-31,Q,5950,4662,4111,3615,17075,4545
SNDK,2025-12-31,Q,3025,1541,1065,803,12998,1507
SNDK,2025-09-30,Q,2308,687,176,112,12749,488
SNDK,2025-06-30,A,7355,2212,-1377,-1641,12985,84
SNDK,2025-06-30,Q,1901,498,18,-23,12985,84
SNDK,2025-03-31,Q,1695,382,-1881,-1933,12960,-10
SNDK,2024-12-31,Q,1876,606,195,104,14234,-36
SNDK,2024-09-30,Q,1883,726,291,211,,-131
TRMB,2026-06-30,Q,972,675,132,-472,8541,515
TRMB,2026-03-31,Q,940,646,144,99,8991,275
TRMB,2025-12-31,A,3587,2478,592,424,9312,386
TRMB,2025-12-31,Q,970,698,216,157,9312,386
TRMB,2025-09-30,Q,901,621,151,112,9020,226
TRMB,2025-06-30,Q,876,598,128,89,9099,102
TRMB,2025-03-31,Q,841,561,98,67,8899,156
TRMB,2024-12-31,Q,983,681,174,90,9488,531
TRMB,2024-12-31,A,3683,2396,461,1504,9488,531
TRMB,2024-09-30,Q,876,576,116,41,9867,416
TWLO,2026-06-30,Q,1499,726,85,1067,10839,526
TWLO,2026-03-31,Q,1407,684,108,90,9577,153
TWLO,2025-12-31,A,5067,2479,158,34,9771,1003
TWLO,2025-12-31,Q,1366,662,57,-46,9771,1003
TWLO,2025-09-30,Q,1300,632,41,37,9712,732
TWLO,2025-06-30,Q,1228,603,37,22,9848,468
TWLO,2025-03-31,Q,1172,582,23,20,9815,191
TWLO,2024-12-31,A,4458,2278,-54,-109,9865,716
TWLO,2024-12-31,Q,1195,600,14,-12,9865,716
TWLO,2024-09-30,Q,1134,579,-5,-10,10037,608
ZBRA,2026-06-30,Q,1557,825,321,233,8637,387
ZBRA,2026-03-31,Q,1495,742,215,135,8332,176
ZBRA,2025-12-31,Q,1475,698,139,70,8502,917
ZBRA,2025-12-31,A,5396,2593,700,419,8502,917
ZBRA,2025-09-30,Q,1320,634,183,101,8067,560
ZBRA,2025-06-30,Q,1293,616,183,112,7938,325
ZBRA,2025-03-31,Q,1308,645,195,136,7899,178
ZBRA,2024-12-31,A,4981,2413,742,528,7968,1013
ZBRA,2024-12-31,Q,1334,648,225,163,7968,1013
ZBRA,2024-09-30,Q,1255,613,191,137,7690,707
CGEMY,2025-12-31,A,25417,6873,2488,1811,32878,2808
CGEMY,2024-12-31,A,23910,6549,2549,1808,27767,2733
NTDOY,2026-06-30,Q,3262,1773,898,929,24040,
NTDOY,2026-03-31,A,15266,5999,2377,2799,25115,1913
NTDOY,2025-03-31,A,7688,4687,1865,1840,22430,80
HNHPF,2025-06-30,Q,58288,3690,1839,1442,134516,711
HNHPF,2024-12-31,A,213334,13340,6239,4749,136669,5163
ADYEY,2024-12-31,A,2408,2151,961,1001,12363,1293
TSM,2026-06-30,Q,40271,27272,24301,22398,297208,46990
TSM,2026-03-31,Q,35838,23741,20823,18090,273686,22088
TSM,2025-12-31,A,121424,72722,61718,54116,252880,72521
TSM,2025-12-31,Q,32499,20276,17559,15073,252880,72521
TSM,2025-09-30,Q,33063,19657,16723,15107,245627,51752
TSM,2025-06-30,Q,30348,17790,15061,12944,227706,36486
TSM,2025-03-31,Q,25513,14999,12375,10992,216852,19017
TSM,2024-12-31,A,88268,49538,40319,35327,204079,55693
TSM,2024-12-31,Q,25060,14851,12362,10415,204079,55693
TSM,2024-09-30,Q,23550,13620,11184,10083,191135,37385
