ticker,trimestre,bpa_publie,bpa_attendu,surprise_pct
ADBE,2026-08,6.13,6.08,0.82
ADBE,2026-05,5.96,5.83,2.23
ADBE,2026-02,6.06,5.88,3.06
ADBE,2025-11,5.50,5.39,2.04
GDDY,2026-06,1.83,1.72,6.40
GDDY,2026-03,1.60,1.53,4.58
GDDY,2025-12,1.80,1.58,13.92
GDDY,2025-09,1.51,1.50,0.67
GEN,2026-06,0.71,0.69,2.90
GEN,2026-03,0.67,0.65,3.08
GEN,2025-12,0.64,0.63,1.59
GEN,2025-09,0.62,0.61,1.64
INTU,2026-07,4.03,3.59,12.26
INTU,2026-04,12.80,12.48,2.56
INTU,2026-01,4.15,3.66,13.39
INTU,2025-10,3.34,3.10,7.74
IT,2026-06,4.37,3.77,15.92
IT,2026-03,3.32,2.99,11.04
IT,2025-12,3.94,3.50,12.57
IT,2025-09,2.76,2.41,14.52
