ticker,period_end,type,operating_cash_flow_ytd,capex_ytd
ADBE,2026-05-31,Q,5123,-95
ADBE,2026-02-28,Q,2958,-37
ADBE,2025-11-30,A,10031,-179
ADBE,2025-11-30,Q,10031,-179
ADBE,2025-08-31,Q,6871,-145
ADBE,2025-05-31,Q,4673,-73
ADBE,2025-02-28,Q,2482,-26
ADBE,2024-11-30,A,8056,-183
ADBE,2024-11-30,Q,8056,-183
ORCL,2026-08-31,Q,23103,-28499
ORCL,2026-05-31,A,31977,-55663
ORCL,2026-05-31,Q,31977,-55663
ORCL,2026-02-28,Q,17357,-39170
ORCL,2025-11-30,Q,10206,-20535
ORCL,2025-08-31,Q,8140,-8502
ORCL,2025-05-31,A,20821,-21215
ORCL,2025-05-31,Q,20821,-21215
ORCL,2025-02-28,Q,14664,-12135
ORCL,2024-11-30,Q,8731,-6273
INTU,2026-07-31,A,8838,-221
INTU,2026-07-31,Q,8838,-221
INTU,2026-04-30,Q,7507,-148
INTU,2026-01-31,Q,2207,-84
INTU,2025-10-31,Q,637,-38
INTU,2025-07-31,A,6207,-124
INTU,2025-07-31,Q,6207,-124
INTU,2025-04-30,Q,5826,-99
INTU,2025-01-31,Q,1431,-64
INTU,2024-10-31,Q,362,-33
GDDY,2026-06-30,Q,914,-9.7
GDDY,2026-03-31,Q,471.5,-4.6
GDDY,2025-12-31,A,1599.4,-23.9
GDDY,2025-12-31,Q,1599.4,-23.9
GDDY,2025-09-30,Q,1228.8,-17
GDDY,2025-06-30,Q,784.6,-7.7
GDDY,2025-03-31,Q,404.7,-3.6
GDDY,2024-12-31,A,1287.7,-26.6
GDDY,2024-12-31,Q,1287.7,-26.6
GDDY,2024-09-30,Q,947.2,-12.2
GEN,2026-06-30,Q,434,-4
GEN,2026-03-31,A,1545,-1
GEN,2026-03-31,Q,1545,-1
GEN,2025-12-31,Q,1066,2
GEN,2025-09-30,Q,525,-4
GEN,2025-06-30,Q,409,5
GEN,2025-03-31,A,1221,-15
GEN,2025-03-31,Q,1221,-15
GEN,2024-12-31,Q,748,-12
GEN,2024-09-30,Q,422,-4
ADSK,2026-07-31,Q,1468,-31
ADSK,2026-04-30,Q,893,-17
ADSK,2026-01-31,A,2452,-43
ADSK,2026-01-31,Q,2452,-43
ADSK,2025-10-31,Q,1463,-26
ADSK,2025-07-31,Q,1024,-17
ADSK,2025-04-30,Q,564,-8
ADSK,2025-01-31,A,1607,-40
ADSK,2025-01-31,Q,1607,-40
ADSK,2024-10-31,Q,915,-26
DOCU,2026-07-31,Q,656.234,-71.042
DOCU,2026-04-30,Q,321.688,-32.253
DOCU,2026-01-31,A,1165.007,-106.445
DOCU,2026-01-31,Q,1165.007,-106.445
DOCU,2025-10-31,Q,787.786,-79.423
DOCU,2025-07-31,Q,497.512,-52.049
DOCU,2025-04-30,Q,251.439,-23.624
DOCU,2025-01-31,A,1017.272,-96.988
DOCU,2025-01-31,Q,1017.272,-96.988
DOCU,2024-10-31,Q,709.36,-68.646
HPE,2026-07-31,Q,4229,-1609
HPE,2026-04-30,Q,2588,-956
HPE,2026-01-31,Q,1178,-503
HPE,2025-10-31,A,2919,-1912
HPE,2025-10-31,Q,2919,-1912
HPE,2025-07-31,Q,454,-1397
HPE,2025-04-30,Q,-851,-911
HPE,2025-01-31,Q,-390,-444
HPE,2024-10-31,A,4341,-1997
HPE,2024-10-31,Q,4341,-1997
FICO,2026-06-30,Q,777.88,-27.846
FICO,2026-03-31,Q,397.44,-17.748
FICO,2025-12-31,Q,174.082,-8.706
FICO,2025-09-30,A,778.807,-39.407
FICO,2025-09-30,Q,778.807,-39.407
FICO,2025-06-30,Q,555.138,-26.582
FICO,2025-03-31,Q,268.915,-16.598
FICO,2024-12-31,Q,193.997,-7.171
FICO,2024-09-30,A,632.964,-25.551
FICO,2024-09-30,Q,632.964,-25.551
IT,2026-06-30,Q,789.327,-40.346
IT,2026-03-31,Q,391.039,-20.423
IT,2025-12-31,A,1290.365,-115.142
IT,2025-12-31,Q,1290.365,-115.142
IT,2025-09-30,Q,995.821,-91.31
IT,2025-06-30,Q,697.077,-61.817
IT,2025-03-31,Q,313.512,-25.569
IT,2024-12-31,A,1484.922,-101.737
IT,2024-12-31,Q,1484.922,-101.737
IT,2024-09-30,Q,1149.567,-77.796
HPQ,2026-07-31,Q,3044,-590
HPQ,2026-04-30,Q,1309,-403
HPQ,2026-01-31,Q,383,-233
HPQ,2025-10-31,A,3697,-897
HPQ,2025-10-31,Q,3697,-897
HPQ,2025-07-31,Q,2073,-700
HPQ,2025-04-30,Q,412,-485
HPQ,2025-01-31,Q,374,-302
HPQ,2024-10-31,A,3749,-592
HPQ,2024-10-31,Q,3749,-592
GIB,2026-06-30,Q,1392.264,-60.7216
GIB,2026-03-31,Q,964.3405,-41.0983
GIB,2025-12-31,Q,625.4318,-17.7381
GIB,2025-09-30,A,1597.227,-82.4394
GIB,2025-09-30,Q,1597.227,-82.4394
GIB,2025-06-30,Q,1135.965,-63.3138
GIB,2025-03-31,Q,755.3001,-35.8737
GIB,2024-12-31,Q,461.6753,-17.6429
GIB,2024-09-30,A,1620.442,-76.4303
GIB,2024-09-30,Q,1620.442,-76.4303
META,2026-06-30,Q,64088,-49113
META,2026-03-31,Q,32226,-18997
META,2025-12-31,A,115800,-69691
META,2025-12-31,Q,115800,-69691
META,2025-09-30,Q,79586,-48308
META,2025-06-30,Q,49587,-29479
META,2025-03-31,Q,24026,-12941
META,2024-12-31,A,91328,-37256
META,2024-12-31,Q,91328,-37256
META,2024-09-30,Q,63340,-22831
NICE,2026-06-30,Q,301.903,-59.997
NICE,2026-03-31,Q,179.246,-30.456
NICE,2025-12-31,A,716.549,-93.748
NICE,2025-12-31,Q,716.549,-93.748
NICE,2025-09-30,Q,536.893,-70.07
NICE,2025-06-30,Q,346.393,-43.149
NICE,2025-03-31,Q,285.071,-20.433
NICE,2024-12-31,A,832.641,-99.767
NICE,2024-12-31,Q,832.641,-99.767
NICE,2024-09-30,Q,583.119,-75.381
OTEX,2026-06-30,A,1006.817,-199.3
OTEX,2026-06-30,Q,1006.817,-199.3
OTEX,2026-03-31,Q,821.015,-135.469
OTEX,2025-12-31,Q,466.422,-85.749
OTEX,2025-09-30,Q,147.763,-46.534
OTEX,2025-06-30,A,830.618,-143.222
OTEX,2025-06-30,Q,830.618,-143.222
OTEX,2025-03-31,Q,672.427,-108.997
OTEX,2024-12-31,Q,270.186,-80.585
OTEX,2024-09-30,Q,-77.806,-39.316
CIEN,2026-07-31,Q,683.606,-194.893
CIEN,2026-04-30,Q,487.347,-114.933
CIEN,2026-01-31,Q,227.645,-73.885
CIEN,2025-10-31,A,806.093,-140.801
CIEN,2025-10-31,Q,806.093,-140.801
CIEN,2025-07-31,Q,435.016,-95.373
CIEN,2025-04-30,Q,260.669,-55.622
CIEN,2025-01-31,Q,103.723,-26.884
CIEN,2024-10-31,A,514.532,-136.641
CIEN,2024-10-31,Q,514.532,-136.641
ASX,2026-06-30,Q,2643.812,-3928.93
ASX,2026-03-31,Q,1149.829,-1393.307
ASX,2025-12-31,A,4534.564,-5168.932
ASX,2025-12-31,Q,4534.564,-5168.932
ASX,2025-09-30,Q,2386.229,-4154.058
ASX,2025-06-30,Q,1846.585,-2582.222
ASX,2025-03-31,Q,607.1792,-1105.01
ASX,2024-12-31,A,2768.764,-2397.496
ASX,2024-12-31,Q,2768.764,-2397.496
ASX,2024-09-30,Q,1721.833,-1459.108
GFS,2026-06-30,Q,947,-708
GFS,2026-03-31,Q,542,-312
GFS,2025-12-31,A,1731,-552
GFS,2025-12-31,Q,1731,-552
GFS,2025-09-30,Q,1357,-351
GFS,2025-06-30,Q,762,-251
GFS,2025-03-31,Q,331,-166
GFS,2024-12-31,A,1722,-569
GFS,2024-12-31,Q,1722,-569
GFS,2024-09-30,Q,1265,-454
VRSN,2026-06-30,Q,504,-26
VRSN,2026-03-31,Q,272.4,-7.2
VRSN,2025-12-31,A,1091.1,-22.8
VRSN,2025-12-31,Q,1091.1,-22.8
VRSN,2025-09-30,Q,801.5,-18.3
VRSN,2025-06-30,Q,493.8,-13.6
VRSN,2025-03-31,Q,291.3,-5.8
VRSN,2024-12-31,A,902.6,-28.1
VRSN,2024-12-31,Q,902.6,-28.1
VRSN,2024-09-30,Q,671.1,-18.6
JBL,2026-05-31,Q,1269,-278
JBL,2026-02-28,Q,734,-102
JBL,2025-11-30,Q,323,-51
JBL,2025-08-31,A,1640,-322
JBL,2025-08-31,Q,1640,-322
JBL,2025-05-31,Q,1052,-239
JBL,2025-02-28,Q,646,-159
JBL,2024-11-30,Q,312,-86
JBL,2024-08-31,A,1716,-661
JBL,2024-08-31,Q,1716,-661
NTES,2026-06-30,Q,3493.832,-46.385
NTES,2026-03-31,Q,1990.876,-45.009
NTES,2025-12-31,A,7255.695,-145.785
NTES,2025-12-31,Q,7255.695,-145.785
NTES,2025-09-30,Q,5045.156,-126.908
NTES,2025-06-30,Q,3206.281,-86.699
NTES,2025-03-31,Q,1668.341,-62.389
NTES,2024-12-31,A,5435.701,-172.738
NTES,2024-12-31,Q,5435.701,-172.738
NTES,2024-09-30,Q,3799.677,-136.54
CNSWF,2026-06-30,Q,1374,-40
CNSWF,2026-03-31,Q,897,-19
CNSWF,2025-12-31,A,2732,-68
CNSWF,2025-12-31,Q,2732,-68
CNSWF,2025-09-30,Q,1944,-47
CNSWF,2025-06-30,Q,1260,-31
CNSWF,2025-03-31,Q,827,-15
CNSWF,2024-12-31,A,2196,-67
CNSWF,2024-12-31,Q,2196,-67
CNSWF,2024-09-30,Q,1518,-42
