ticker,price,market_cap,zacks_rank,abr,target_avg,pe_ttm,pe_f1,pe_f2,peg,p_s,p_cf,p_b,eps_f1,eps_f2,rev4w_f1,rev4w_f2,ltg,chg_4w,chg_52w,chg_ytd,high_52w,low_52w,surprise_last,net_margin,roe,de,div_yield,beta,zacks_industry,industry_rank,next_eps_date
ADBE,233.17,90749.77,3,2.79,271,9.86,9.53,8.42,0.66,3.49,11.96,7.71,24.47,27.7,0.3,0.78,14.3,-18.5,-33.9,-33.38,360.37,193.41,0.82,28.05,65.65,0.41,0,1.42,Computer - Software,107,2026-12-09
ADSK,203.18,42464.62,3,1.32,320.22,17.2,16.08,14.29,1.03,5.45,19.33,12.55,12.64,14.22,-0.03,-0.08,15.6,-17.97,-36.04,-31.36,323.43,187.72,5.77,21.08,58.63,0.59,0,1.31,Internet - Software,86,2026-11-24
DOCU,66.98,12518.73,3,2.67,70.19,15.69,14.58,12.9,1.15,3.72,18.33,7.44,4.59,5.19,1.14,1.24,12.7,3.62,-7.09,-2.08,82.14,41.75,7.41,9.82,18.29,0,0,0.9,Internet - Software,86,2026-12-03
META,738.79,1882072,3,1.29,798.41,24.94,23.54,21.48,1.15,8.25,19.67,7.2,31.39,34.39,-0.42,0.6,20.5,27.7,0.6,11.92,777.59,525.72,-12.96,29.83,33.18,0.32,0.28,1.25,Internet - Software,86,2026-11-04
ORCL,137.79,416640.56,3,1.51,246.68,17.05,16.97,12.69,0.81,5.8,14.29,6.69,8.12,10.86,1.09,1.27,21.1,-2.5,-51.01,-29.31,313,114.99,10.34,26.36,48.85,1.89,1.45,1.74,Computer - Software,107,2026-12-09
NVDA,227.21,5475761,1,1.14,328.3,32.41,24.57,14.82,1.76,18.07,48.1,23.91,9.25,15.33,0.12,1.36,14,4.49,21.78,21.83,235.74,165.17,6.22,63.66,96.04,0.14,0.44,2.22,Semiconductor - General,29,2026-11-18
TSM,456.94,2369921.5,2,1.22,514.14,32.97,27.6,21.53,1.01,16.58,30.72,11.55,16.56,21.22,0.66,1.65,27.3,10.37,63.61,50.36,477.57,273.23,11.37,50.31,39.25,0.14,0.77,1.39,Semiconductor - Circuit Foundry,7,2026-10-15
FICO,617.87,13344.53,4,1.95,1470.94,15.54,14.29,11.61,0.48,5.58,23.22,,43.24,53.2,-0.34,-0.59,29.8,-44.02,-58.71,-63.45,1879.55,617.87,1.33,34.05,-32.51,-1.29,0,1.32,Computers - IT Services,68,2026-11-04
GDDY,94.06,11912.48,2,2.26,106.94,13.95,13.01,10.52,0.84,2.33,13.24,1777.98,7.23,8.94,0.28,0.11,15.5,-6.45,-31.26,-24.19,141.67,74.99,6.4,17.83,660.96,561.1,0,0.94,Internet - Delivery Services,68,2026-10-29
INTU,268.03,71627.27,3,2.06,414.1,11.02,11.41,10.16,0.77,3.34,13.28,3.86,23.49,26.38,0.33,0.19,14.9,-22.29,-60.75,-59.54,698.26,255.07,12.26,21.29,25.97,0.34,1.79,0.98,Computer - Software,107,2026-11-19
MCHP,78.78,42778.2,3,1.52,111.08,37.16,21.67,17.58,0.48,8.35,30.11,6.63,3.63,4.48,0,0,45.5,10.32,22.67,23.64,102.92,49.02,8.57,9.34,14.97,0.83,2.31,1.75,Semiconductor - Analog and Mixed,41,2026-11-05
VRSN,279.84,25269.55,2,1.8,334.25,30.35,29.18,25.82,,14.8,30.36,,9.59,10.84,0.28,1.21,,-2.96,0.1,15.18,310,211.49,0.85,49.76,-39.2,-0.79,1.16,0.7,Internet - Software and Services,107,2026-10-22
FTNT,175.96,129104.27,2,2.83,165.91,53.81,51.38,46.09,2.97,17.15,56.8,83.23,3.42,3.82,0.59,0.46,17.3,8.72,109.28,121.58,178.74,75.23,20,28.17,191.54,0.32,0,1.06,Security,64,2026-11-04
GLW,158.71,136710.95,2,1.63,188.57,55.3,48.37,37.07,2.02,8.06,38.4,10.41,3.28,4.28,0.34,0.12,23.9,9.03,93.48,81.26,255.69,78.03,2.63,11.2,20.09,0.59,0.71,1.16,Communication - Components,28,2026-10-27
IT,185.85,11736.24,1,2.67,188.08,12.91,12.91,11.23,0.7,1.82,9.75,,14.39,16.55,-0.21,-1.35,18.5,-2.15,-29.3,-26.33,264.09,125.73,15.92,11.99,525.46,-17.8,0,0.96,Consulting Services,78,2026-11-03
STX,913.45,207712.14,3,1.35,1151.36,58.82,25.31,15.67,,17.03,55.93,94.52,36.09,58.28,0,0,,11.85,286.96,231.69,1094.04,211.63,11.96,26.11,369.98,1.56,0.32,2.06,Computer - Integrated Systems,74,2026-10-27
TXN,281.69,257252.73,3,2.05,326.48,42.88,33.32,28.61,1.58,13.22,36.52,14.29,8.45,9.84,0,0,21.1,11.19,53.32,62.37,332.28,153.33,12.04,31.11,35.77,0.72,2.02,1.33,Semiconductor - General,29,2026-10-20
ADI,398.22,192963.66,2,1.26,464.66,35.37,30.74,24.42,1.23,13.9,33.22,5.75,12.96,16.31,0,0,25,12.33,62.08,46.84,445.48,225.2,3.6,29.79,16.39,0.2,1.1,1.2,Semiconductor - Analog and Mixed,41,2026-11-24
ASX,45.31,101280.8,2,1,47,52.69,36.99,22.83,,4.42,29.15,7.62,1.23,1.99,1.24,2.85,,21.05,308.57,181.43,45.31,11.08,26.09,8.52,16.12,0.54,0.66,1.71,Electronics - Semiconductors,59,2026-10-29
GFS,47.86,26260.82,3,2.05,77.48,26.3,24.45,18.32,1.15,3.79,13,2.21,1.96,2.61,0.07,-0.16,21.2,8.95,33.54,37.06,89.96,32.24,4.55,10.36,6.69,0.13,1,1.78,Electronics - Semiconductors,59,2026-11-11
PANW,388.41,317719.38,3,1.61,397.07,101.41,92.95,79.04,6.18,27.68,105.41,11.51,4.18,4.91,1.56,-0.37,15,7.27,90.75,110.86,396,141.67,4.08,2.67,8.5,0.06,0,0.91,Security,64,2026-11-18
TEL,212.59,61547.61,3,1.59,249.63,19.63,18.51,16.28,1.42,3.19,18.17,4.65,11.48,13.06,0,0,13,2.21,-3.16,-6.56,249,195.84,3.16,15.61,24.59,0.42,1.47,1.16,Electronics - Miscellaneous Components,60,2026-11-04
ACN,177.12,118282.66,4,2.19,195.91,12.93,12.11,11.42,1.46,1.62,10.84,3.58,14.63,15.51,-0.29,-0.85,8.3,-5.83,-28.18,-33.98,288.54,124.44,2.7,10.66,26.47,,3.68,1.1,Computers - IT Services,68,2026-10-01
GEN,20.85,12480.54,2,2.2,33.33,7.9,7.12,6.2,0.59,2.46,6.84,4.7,2.93,3.37,0.6,0,12,-30.55,-26.56,-23.32,31.41,17.89,2.9,20.73,55.93,3,2.4,1.22,Technology Services,166,2026-11-05
MSFT,508.96,3779305.75,3,1.33,564.9,29.45,25.94,21.91,1.64,11.39,22.59,8.54,19.62,23.23,0.02,-0.09,15.9,1.58,-1.74,5.24,542.07,352.83,12.59,40.31,31.98,0.07,0.72,1.11,Computer - Software,107,2026-11-04
NTAP,209.18,41086.93,1,2.24,198.63,22.79,20.82,18.97,1.86,5.56,27.34,27.48,10.05,11.03,11.07,11.09,11.2,14.21,76.58,95.33,209.18,94.11,21.13,19.18,119.13,1.3,0.99,1.44,Computer- Storage Devices,19,2026-11-24
TYL,316.26,12951.57,3,1.48,421.19,26.85,24.14,20.46,1.61,5.33,25.48,4.26,13.1,15.46,0,0,15,-15.98,-39.55,-30.33,529.72,275.27,0.65,13.36,11.15,0.46,0,0.84,Internet - Software and Services,107,2026-11-04
AAPL,329.4,4807322.5,3,2.02,331.32,38.26,37.21,34.49,2.83,10.3,39.35,44.71,8.85,9.55,0,-0.12,13.2,1.31,29.36,21.17,341.07,245.27,1.6,27.62,135.46,0.66,0.33,1.08,Computer - Micro Computers,26,2026-10-29
CDNS,324.17,89274.16,3,1.3,412.52,40.57,39.91,34.36,2.74,15.29,51.17,13.02,8.12,9.43,0.03,0.21,14.6,3.56,-7.71,3.71,416.39,265.66,2.93,23.6,27.98,0.36,0,1.14,Computer - Software,107,2026-10-26
CIEN,354.92,50330.69,1,1.53,530.21,59.06,49.56,30.61,4.13,8.36,132.38,16.47,7.16,11.6,9.2,20.36,12,-1.5,143.65,51.76,627,141.93,21.26,10.87,25.33,1.06,0,1.3,Communication - Components,28,2026-12-10
HUBS,197.67,9857.05,3,2.26,249.1,16.85,14.86,11.71,0.71,2.86,57.21,6.11,13.3,16.88,2.75,3.44,20.9,-21.28,-57.75,-50.74,519.88,170.28,7.95,4.26,8.66,0,0,1.18,Internet - Software,86,2026-11-04
WDAY,189.17,45589.97,3,2.11,211.82,18.55,17.08,14.33,0.91,4.49,26.17,7.23,11.08,13.2,0,0,18.7,-4.64,-21.42,-11.92,247.69,112.5,4.96,12.32,20.95,0.31,0,1.08,Internet - Software,86,2026-11-24
MSI,446.12,73830.09,3,1.39,529.64,27.15,25.21,23.49,2.39,6.03,27.21,27.55,17.69,19,0,0.08,10.6,-9.18,-2.44,16.38,491.24,363.83,14.25,17.44,98.22,3.13,1.08,0.88,Wireless Equipment,172,2026-10-29
ON,75.95,29568.22,3,2.24,102.25,28.66,23.75,16.96,0.63,4.77,18.37,4.08,3.2,4.48,-0.84,-0.35,37.8,4.54,54.03,40.26,133.93,44.9,2.78,10.17,14.06,0.51,0,2,Semiconductor - Analog and Mixed,41,2026-11-02
OTEX,22.31,5396.04,5,2.83,27.95,5.05,5.58,5.39,,1.03,3.24,1.35,4,4.14,0,0,,-6.42,-40.32,-31.52,39.69,20.01,12.84,12.26,25.76,1.43,5.02,1.02,Computer - Software,107,2026-11-04
STM,53.24,47818.86,3,1.71,73.56,63.38,40.95,19.2,,3.65,20.43,2.65,1.3,2.77,0,0,,7.77,88.39,105.24,79.91,21.2,19.23,3.56,4.3,0.16,0.57,1.93,Semiconductor - General,29,2026-10-29
ZBRA,375.97,17908.73,1,1.6,419.23,19.47,18.51,17.28,,3.06,21.15,5.21,20.31,21.75,0,0,,9.39,26.52,54.83,383.06,199.3,45.98,9.22,22.29,0.14,0,1.6,Manufacturing - Thermal Products,1,2026-11-03
ARM,293.67,313662.69,3,1.76,291.07,157.04,133.79,95.69,4.57,60.83,266.32,36.35,2.19,3.07,-0.03,-0.88,29.3,25.06,107.56,168.66,439.46,104.55,12.5,20.25,12.24,0,0,3.89,Electronics - Semiconductors,59,2026-11-04
JBL,318.84,33410.31,2,1.18,440.6,26.59,19.04,15.1,0.66,0.99,20.6,25.18,16.74,21.12,0.95,2.97,28.8,6.59,46.82,39.83,385.63,192.49,1.28,2.57,83.93,,0.1,1.29,Electronics - Manufacturing Services,21,2026-09-30
LOGI,100.67,14757.11,3,2.62,108.44,15.83,17.2,16.76,3.29,3,17.96,6.28,5.85,6.01,0,0,5.2,2.65,-8.21,0.45,126.69,85.84,39.1,16.28,37.3,0,0,1.18,Computer - Peripheral Equipment,219,2026-10-27
NOW,129.94,134357.97,3,1.35,149,34.65,32,26.1,1.31,9.12,39.83,10.73,4.06,4.98,0,0,24.5,-9.07,-29.4,-15.18,189.26,83,4.65,11.34,16.45,0.43,0,0.97,Computers - IT Services,68,2026-11-04
OKTA,204.88,35817.31,3,1.49,209.39,55.67,52.17,46.17,3.12,11.66,66.96,5.14,3.93,4.44,0,0,16.7,23.1,123.42,136.94,206.64,62.93,9.38,9.63,4.5,0,0,0.79,Security,64,2026-12-01
ANET,202.86,255852.05,1,1.1,244.48,58.63,49.74,40.11,2.19,24.27,72.33,17.29,4.08,5.06,0.04,0.2,22.7,7.19,39.22,54.82,210.5,116.13,14.61,38.37,30.65,0,0,1.62,Internet - Software,86,2026-11-03
GIB,67.62,14002.44,4,2.43,85.06,10.61,10.63,9.73,,1.18,8.48,1.91,6.36,6.95,0,0,,-8.27,-24.13,-26.74,94.81,61.28,0,10.54,18.83,0.28,0.72,0.47,Computer - Services,107,2026-11-11
HPE,61.49,81625.81,1,1.93,68.78,19.4,16.16,13.49,0.48,1.95,12.49,3.07,3.81,4.56,10.25,9.87,33.6,20.88,150.37,155.99,63.52,20,16.84,6.6,15.5,0.65,0.93,1.43,Computer - Integrated Systems,74,2026-12-03
HPQ,30.73,27712.04,1,3.14,27.56,8.96,9.51,10,1.6,0.47,7.39,,3.23,3.07,0,0,6,-1.88,12.85,37.93,35.48,18.2,10.67,4.14,-947.78,-85.52,3.9,1.18,Computer - Micro Computers,26,2026-11-24
NICE,106.81,6242.29,4,2.13,125.5,9.08,9.55,8.38,0.9,2.03,7.31,1.65,11.18,12.75,0,0,10.6,0.21,-26.23,-5.51,146.38,83.15,2.66,13.86,15.46,0,0,0.75,Internet - Software,86,2026-11-12
AMZN,246.67,2660660,3,1.21,327.67,33.61,18.96,23.45,1.18,3.43,18.46,4.82,13.01,10.52,-0.26,-0.63,16.1,-3.24,12.34,6.87,284.02,198.79,2.73,17.44,18,0.23,0,1.44,Internet - Commerce,191,2026-10-29
AVGO,355.1,1695116,3,1.3,527.39,36.38,30.12,18.65,,19.02,46.1,17,11.79,19.04,0.44,-0.32,,-3.94,7.64,2.6,481.57,293.41,3.11,42.94,48.33,0.57,0.73,1.44,Electronics - Semiconductors,59,2026-12-10
GOOGL,340.92,4169451.75,3,1.2,433.8,17.12,16.59,23.01,0.99,9.35,26.9,6.7,20.55,14.82,0.26,0.47,16.8,1.76,40.24,8.92,402.62,236.57,216.32,54.77,51.32,0.16,0.26,1.22,Internet - Services,200,2026-11-04
NTES,121.82,77995.27,3,,,,12.92,11.43,,,,,9.426,10.654,0,0,,,,,156.44,106.06,-24.68,,,,1.57,0.72,Internet - Software and Services,107,2026-11-19
CNSWF,2040.01,43227.81,3,,,,17.1,15.25,,,,,119.33,133.81,0,0,,,,,2950,1612.7,16.67,,,,0.2,0.98,Internet - Software,86,2026-11-06
