ticker,nom,pays,segment,statut,base,fin_periode,ca,rn,rop,cfo,marge_brute,marge_op,croiss_ca,d_marge_brute,d_marge_op,accruals,cfo_rn,rn_rop,trim_dopes,eqs,alertes,zacks_rank,price,target_avg,upside,pe_f1,pe_f2,croiss_bpa_f2,peg2,p_cf,pe_gaap,fcf_ttm,fcf_yield,fcf_rn,capex_cfo,rev4w_f1,rev4w_f2,chg_52w,market_cap,score_valo,score_momentum,score_opportunite,controle_fcf,score_final,rang_final
GDDY,GoDaddy,US,Internet,retenu,TTM,2026-06-30,5104.0000,911.0000,1268.0000,1728.0000,0.6381,0.2484,0.0738,-0.0015,0.0332,-0.1004,1.8968,0.7185,0,72.7840,,2.0000,94.0600,106.9400,0.1369,13.0100,10.5200,0.2365,0.4448,13.2400,13.0763,1702.9000,0.1430,1.8693,0.0150,0.2800,0.1100,-31.2600,11912.4800,84.6038,59.3037,72.9599,ok,76.7840,1
GEN,Gen Digital,US,Cybersécurité,retenu,TTM,2026-06-30,5079.0000,1053.0000,2117.0000,1570.0000,0.7801,0.4168,0.2016,-0.0181,0.0291,-0.0323,1.4910,0.4974,0,60.2609,,2.0000,20.8500,33.3300,0.5986,7.1200,6.2000,0.1502,0.4129,6.8400,11.8524,1560.0000,0.1250,1.4815,0.0064,0.6000,0.0000,-26.5600,12480.5400,94.5878,80.3121,75.5718,ok,74.6399,2
INTU,Intuit,US,Logiciel,retenu,TTM,2026-07-31,21448.0000,4566.0000,5884.0000,8838.0000,0.8017,0.2743,0.1390,0.0061,0.0129,-0.1159,1.9356,0.7760,0,74.4372,,3.0000,268.0300,414.1000,0.5450,11.4100,10.1600,0.1230,0.8258,13.2800,15.6871,8617.0000,0.1203,1.8872,0.0250,0.3300,0.1900,-60.7500,71627.2700,76.7407,65.5529,72.9072,ok,72.6780,3
ADBE,Adobe,US,Logiciel,retenu,TTM,2026-05-31,25198.0000,7229.0000,9090.0000,10481.0000,0.8940,0.3607,,,,-0.1121,1.4499,0.7953,0,78.4492,,3.0000,233.1700,271.0000,0.1622,9.5300,8.4200,0.1320,0.6379,11.9600,12.5536,10280.0000,0.1133,1.4221,0.0192,0.3000,0.7800,-33.9000,90749.7700,85.6443,52.5210,74.1257,ok,72.3461,4
OTEX,OpenText,CA,Logiciel,retenu,TTM,2026-06-30,5247.0000,644.0000,1083.0000,1007.0000,0.7372,0.2064,0.0151,0.0148,0.0336,-0.0270,1.5637,0.5946,0,56.9906,,5.0000,22.3100,27.9500,0.2528,5.5800,5.3900,0.0350,1.5400,3.2400,8.3789,807.5170,0.1496,1.2539,0.1980,0.0000,0.0000,-40.3200,5396.0400,82.8431,31.8194,58.4536,ok,65.7287,5
HPQ,HP Inc.,US,Hardware,retenu,TTM,2026-07-31,59162.0000,2451.0000,3222.0000,4668.0000,0.1987,0.0545,0.0814,-0.0102,-0.0041,-0.0518,1.9045,0.7607,0,53.8142,,1.0000,30.7300,27.5600,-0.1032,9.5100,10.0000,-0.0495,1.6000,7.3900,11.3064,3881.0000,0.1400,1.5834,0.1686,0.0000,0.0000,12.8500,27712.0400,77.3910,43.1373,58.2180,ok,63.4091,6
DOCU,DocuSign,US,Logiciel,retenu,TTM,2026-07-31,3361.0000,330.0000,402.0000,1323.0000,0.7950,0.1196,0.0856,0.0020,0.0408,-0.2510,4.0091,0.8209,0,76.1337,,3.0000,66.9800,70.1900,0.0479,14.5800,12.9000,0.1307,0.9868,18.3300,37.9355,1198.2910,0.0957,3.6312,0.0948,1.1400,1.2400,-7.0900,12518.7300,59.0136,48.2793,64.0341,ok,63.0232,7
NTES,NetEase,CN,Jeux / internet,retenu,TTM,2026-06-30,17112.0000,4783.0000,6038.0000,7544.0000,0.6714,0.3529,0.1357,0.0397,0.0383,-0.0872,1.5773,0.7921,0,76.7598,,3.0000,121.8200,,,12.9200,11.4300,0.1303,0.8774,,16.3068,7437.7750,0.0954,1.5550,0.0140,0.0000,0.0000,,77995.2700,72.5490,37.2549,65.6203,ok,62.6647,8
GIB,CGI,CA,Services IT,retenu,TTM,2026-06-30,11896.0000,1255.0000,1960.0000,1853.0000,,0.1648,0.0674,,0.0023,-0.0427,1.4765,0.6403,0,55.1151,,4.0000,67.6200,85.0600,0.2579,10.6300,9.7300,0.0928,1.0489,8.4800,11.1573,1773.6788,0.1267,1.4133,0.0431,0.0000,0.0000,-24.1300,14002.4400,82.7631,34.1337,58.1642,ok,62.0921,9
IT,Gartner,US,Services IT,retenu,TTM,2026-06-30,6464.0000,774.0000,1115.0000,1382.0000,0.6963,0.1725,0.0070,0.0166,-0.0096,-0.0783,1.7855,0.6942,0,65.6644,,1.0000,185.8500,188.0800,0.0120,12.9100,11.2300,0.1501,0.7481,9.7500,15.1631,1288.9440,0.1098,1.6653,0.0677,-0.2100,-1.3500,-29.3000,11736.2400,81.7627,34.4471,62.6896,ok,61.7299,10
FICO,Fair Isaac,US,Logiciel / analytique,retenu,TTM,2026-06-30,2394.0000,814.0000,1236.0000,1002.0000,0.8509,0.5163,0.2411,0.0334,0.0570,-0.0964,1.2310,0.6586,0,74.8281,,4.0000,617.8700,1470.9400,1.3807,14.2900,11.6100,0.2303,0.5040,23.2200,16.3938,960.8780,0.0720,1.1804,0.0406,-0.3400,-0.5900,-58.7100,13344.5300,71.5786,36.9281,64.3783,ok,59.4104,11
ADSK,Autodesk,US,Logiciel,retenu,TTM,2026-07-31,7790.0000,1642.0000,2041.0000,2896.0000,0.9125,0.2620,0.1794,0.0063,0.0517,-0.1052,1.7637,0.8045,0,75.6327,,3.0000,203.1800,320.2200,0.5760,16.0800,14.2900,0.1250,1.1432,19.3300,25.8615,2839.0000,0.0669,1.7290,0.0197,-0.0300,-0.0800,-36.0400,42464.6200,60.9144,47.9325,64.2921,ok,58.6891,12
HPE,Hewlett Packard Enterprise,US,Hardware,retenu,TTM,2026-07-31,41871.0000,2675.0000,2602.0000,6694.0000,0.3673,0.0621,0.2659,0.0728,0.0542,-0.0499,2.5024,1.0281,1,55.5263,RN > ROP (gains non opérationnels),1.0000,61.4900,68.7800,0.1186,16.1600,13.4900,0.1969,0.6853,12.4900,30.5143,4570.0000,0.0560,1.7084,0.3173,10.2500,9.8700,150.3700,81625.8100,69.4478,73.2760,64.1401,ok,55.1997,13
NICE,NICE,IL,Logiciel,retenu,TTM,2026-06-30,3069.0000,426.0000,568.0000,673.0000,0.6514,0.1851,0.0810,-0.0186,-0.0277,-0.0474,1.5798,0.7500,0,54.3463,,4.0000,106.8100,125.5000,0.1750,9.5500,8.3800,0.1404,0.5967,7.3100,14.6533,561.4630,0.0899,1.3180,0.1646,0.0000,0.0000,-26.2300,6242.2900,88.1953,30.0520,58.4274,ok,54.2769,14
JBL,Jabil,US,Sous-traitance électronique,retenu,TTM,2026-05-31,33590.0000,862.0000,1439.0000,1857.0000,0.0923,0.0428,0.1780,0.0037,0.0021,-0.0469,2.1543,0.5990,0,56.3971,,2.0000,318.8400,440.6000,0.3819,19.0400,15.1000,0.2616,0.5771,20.6000,38.7591,1496.0000,0.0448,1.7355,0.1944,0.9500,2.9700,46.8200,33410.3100,58.4034,82.0862,63.4213,ok,53.9901,15
VRSN,VeriSign,US,Infrastructure internet,retenu,TTM,2026-06-30,1708.0000,851.0000,1159.0000,1101.0000,0.8847,0.6786,0.0688,0.0054,-0.0004,-0.1557,1.2938,0.7343,0,73.6640,,2.0000,279.8400,334.2500,0.1944,29.1800,25.8200,0.1303,1.9809,30.3600,29.6939,1066.1000,0.0422,1.2528,0.0320,0.2800,1.2100,0.1000,25269.5500,33.1833,71.3085,60.9309,ok,52.5862,16
CNSWF,Constellation Software,CA,Logiciel,retenu,TTM,2026-06-30,12641.0000,961.0000,1968.0000,2846.0000,0.3727,0.1557,0.1767,0.0032,-0.0016,-0.1166,2.9615,0.4883,0,71.1049,,3.0000,2040.0100,,,17.1000,15.2500,0.1213,1.2568,,44.9821,2769.0000,0.0641,2.8814,0.0271,0.0000,0.0000,,43227.8100,41.8301,37.2549,53.8599,ok,49.8145,17
GFS,GlobalFoundries,US,Fonderie,retenu,TTM,2026-06-30,6938.0000,716.0000,804.0000,1916.0000,0.2714,0.1159,0.0140,0.0338,0.1406,-0.0712,2.6760,0.8905,0,65.1863,,3.0000,47.8600,77.4800,0.6189,24.4500,18.3200,0.3316,0.5524,13.0000,36.6771,907.0000,0.0345,1.2668,0.5266,0.0700,-0.1600,33.5400,26260.8200,62.5650,49.9466,60.5900,ok,49.6879,18
CIEN,Ciena,US,Réseaux optiques,retenu,TTM,2026-07-31,6021.0000,653.0000,738.0000,1055.0000,0.4408,0.1226,0.3259,0.0250,0.0682,-0.0585,1.6156,0.8848,1,59.8323,,1.0000,354.9200,530.2100,0.4939,49.5600,30.6100,0.6201,0.4936,132.3800,77.0761,814.3620,0.0162,1.2471,0.2279,9.2000,20.3600,143.6500,50330.6900,27.4710,93.6308,58.5735,ok,48.1533,19
ORCL,Oracle,US,Logiciel / cloud,retenu,TTM,2026-08-31,71776.0000,18736.0000,23057.0000,46940.0000,0.6396,0.3212,0.2162,-0.0570,0.0169,-0.1166,2.5053,0.8126,0,77.1814,,3.0000,137.7900,246.6800,0.7903,16.9700,12.6900,0.3374,0.3761,14.2900,22.2374,-28720.0000,-0.0689,-1.5329,1.6118,1.0900,1.2700,-51.0100,416640.5600,77.2109,74.1563,76.4340,échec,,
ASX,ASE Technology,TW,Assemblage & test,retenu,TTM,2026-06-30,22715.0000,1916.0000,2238.0000,5332.0000,0.1947,0.0985,0.1952,0.0278,0.0282,-0.1161,2.7829,0.8561,0,67.4874,,2.0000,45.3100,47.0000,0.0373,36.9900,22.8300,0.6179,0.3695,29.1500,52.8605,-1183.8490,-0.0117,-0.6179,1.2220,1.2400,2.8500,308.5700,101280.8000,46.9488,61.6513,59.8668,échec,,
MCHP,Microchip,US,Semi-conducteurs,retenu,TTM,2026-06-30,5122.0000,367.0000,795.0000,1198.0000,0.6021,0.1552,0.2089,0.0574,0.1293,-0.0566,3.2643,0.4616,0,72.7858,,3.0000,78.7800,111.0800,0.4100,21.6700,17.5800,0.2342,0.7508,30.1100,116.5619,,,,,0.0000,0.0000,22.6700,42778.2000,38.5954,52.0475,57.3441,,,
META,Meta Platforms,US,Internet,retenu,TTM,2026-06-30,228248.0000,68098.0000,86927.0000,130301.0000,0.8175,0.3808,0.2765,-0.0020,-0.0594,-0.1671,1.9134,0.7834,0,75.4793,marge op. en baisse,3.0000,738.7900,798.4100,0.0807,23.5400,21.4800,0.0956,2.2475,19.6700,27.6377,40976.0000,0.0218,0.6017,0.6855,-0.4200,0.6000,0.6000,1882072.0000,44.7179,39.8359,57.3400,échec,,
HUBS,HubSpot,US,Logiciel,retenu,TTM,2026-06-30,3450.0000,147.0000,130.0000,857.0000,0.8322,0.0377,0.2114,-0.0133,0.0633,-0.1976,5.8299,1.1308,1,59.8350,RN > ROP (gains non opérationnels),3.0000,197.6700,249.1000,0.2602,14.8600,11.7100,0.2692,0.4350,57.2100,67.0548,,,,,2.7500,3.4400,-57.7500,9857.0500,46.6687,65.2061,57.2279,,,
TSM,TSMC,TW,Fonderie,retenu,TTM,2026-06-30,141671.0000,70668.0000,79406.0000,83025.0000,0.6420,0.5605,0.3561,0.0556,0.0725,-0.0471,1.1749,0.8900,0,59.4421,,2.0000,456.9400,514.1400,0.1252,27.6000,21.5300,0.2814,0.7651,30.7200,33.5360,,,,,0.6600,1.6500,63.6100,2369921.5000,44.9280,65.1594,56.5172,,,
TEL,TE Connectivity,CH,Composants,retenu,TTM,2026-06-30,19322.0000,3016.0000,3814.0000,4418.0000,0.3612,0.1974,0.1653,0.0113,0.0197,-0.0550,1.4649,0.7908,0,62.6719,,3.0000,212.5900,249.6300,0.1742,18.5100,16.2800,0.1376,1.1829,18.1700,20.4070,,,,,0.0000,0.0000,-3.1600,61547.6100,59.5238,40.4829,56.1802,,,
STX,Seagate,IE,Stockage,retenu,TTM,2026-06-30,12195.0000,3184.0000,4094.0000,3674.0000,0.4558,0.3357,0.3406,0.1040,0.1280,-0.0545,1.1539,0.7777,0,67.5191,,3.0000,913.4500,1151.3600,0.2605,25.3100,15.6700,0.6149,0.2549,55.9300,65.2362,,,,,0.0000,0.0000,286.9600,207712.1400,46.7087,46.6053,56.0475,,,
NTAP,NetApp,US,Stockage,retenu,TTM,2026-07-31,7391.0000,1418.0000,1849.0000,1897.0000,0.7063,0.2502,0.1215,0.0063,0.0432,-0.0464,1.3378,0.7669,0,60.6182,,1.0000,209.1800,198.6300,-0.0504,20.8200,18.9700,0.0975,1.9454,27.3400,28.9753,,,,,11.0700,11.0900,76.5800,41086.9300,41.0864,65.0860,55.8756,,,
NVDA,Nvidia,US,Semi-conducteurs,retenu,TTM,2026-07-31,302969.0000,192879.0000,197579.0000,134360.0000,0.7467,0.6521,0.8338,0.0483,0.0712,0.2539,0.6966,0.9762,0,34.5742,accruals élevés; conversion cash faible,1.0000,227.2100,328.3000,0.4449,24.5700,14.8200,0.6573,0.2255,48.1000,28.3896,,,,,0.1200,1.3600,21.7800,5475761.0000,60.4742,85.7343,55.1342,,,
STM,STMicroelectronics,FR/IT,Semi-conducteurs,retenu,TTM,2026-06-30,13099.0000,466.0000,562.0000,2260.0000,0.3429,0.0429,0.1049,-0.0153,-0.0094,-0.0683,4.8498,0.8292,1,57.6867,,3.0000,53.2400,73.5600,0.3817,40.9500,19.2000,1.1308,0.1698,20.4300,102.6156,,,,,0.0000,0.0000,88.3900,47818.8600,52.0508,50.6869,54.2460,,,
GLW,Corning,US,Composants,retenu,TTM,2026-06-30,16964.0000,1900.0000,2598.0000,3915.0000,0.3638,0.1531,0.1941,0.0160,0.0326,-0.0653,2.0605,0.7313,0,69.7043,,2.0000,158.7100,188.5700,0.1881,48.3700,37.0700,0.3049,1.2159,38.4000,71.9531,,,,,0.3400,0.1200,93.4800,136710.9500,21.3385,65.3995,54.1184,,,
ON,ON Semiconductor,US,Semi-conducteurs,retenu,TTM,2026-06-30,6198.0000,631.0000,670.0000,1672.0000,0.3771,0.1081,-0.0316,-0.0017,0.0342,-0.0782,2.6498,0.9418,0,59.3791,,3.0000,75.9500,102.2500,0.3463,23.7500,16.9600,0.4000,0.4240,18.3700,46.8593,,,,,-0.8400,-0.3500,54.0300,29568.2200,58.5034,38.5688,53.9138,,,
WDAY,Workday,US,Logiciel,retenu,TTM,2026-07-31,10155.0000,1251.0000,1085.0000,3081.0000,0.7580,0.1068,0.1335,0.0022,0.0480,-0.1082,2.4628,1.1530,1,60.1001,RN > ROP (gains non opérationnels),3.0000,189.1700,211.8200,0.1197,17.0800,14.3300,0.1913,0.7489,26.1700,36.4428,,,,,0.0000,0.0000,-21.4200,45589.9700,56.3425,35.7210,52.8780,,,
TYL,Tyler Technologies,US,Logiciel,retenu,TTM,2026-06-30,2430.0000,325.0000,368.0000,732.0000,0.4716,0.1514,0.0824,0.0199,-0.0000,-0.0724,2.2523,0.8832,0,61.3097,,3.0000,316.2600,421.1900,0.3318,24.1400,20.4600,0.1802,1.1357,25.4800,39.8510,,,,,0.0000,0.0000,-39.5500,12951.5700,43.1273,49.3264,52.8592,,,
ZBRA,Zebra Technologies,US,Hardware,retenu,TTM,2026-06-30,5847.0000,539.0000,858.0000,979.0000,0.4958,0.1467,0.1266,0.0099,-0.0062,-0.0531,1.8163,0.6282,0,59.3006,,1.0000,375.9700,419.2300,0.1151,18.5100,17.2800,0.0709,2.4372,21.1500,33.2258,,,,,0.0000,0.0000,26.5200,17908.7300,42.6971,52.6611,52.6597,,,
ADI,Analog Devices,US,Semi-conducteurs,retenu,TTM,2026-07-31,13881.0000,4135.0000,4935.0000,5546.0000,0.6581,0.3555,0.3365,0.0565,0.1094,-0.0292,1.3412,0.8379,0,62.9128,,2.0000,398.2200,464.6600,0.1668,30.7400,24.4200,0.2585,0.9447,33.2200,46.6659,,,,,0.0000,0.0000,62.0800,192963.6600,34.6138,52.5477,51.8318,,,
ACN,Accenture,IE,Services IT,retenu,TTM,2026-05-31,73100.0000,7790.0000,10593.0000,13182.0000,0.3201,0.1449,0.0674,-0.0006,-0.0088,-0.0816,1.6922,0.7354,0,62.1952,,4.0000,177.1200,195.9100,0.1061,12.1100,11.4200,0.0602,1.8986,10.8400,15.1839,,,,,-0.2900,-0.8500,-28.1800,118282.6600,69.4878,11.1044,51.6103,,,
AVGO,Broadcom,US,Semi-conducteurs,retenu,TTM,2026-07-31,89104.0000,38265.0000,42814.0000,40653.0000,0.6877,0.4805,0.4869,0.0194,0.1033,-0.0135,1.0624,0.8937,0,48.8794,,3.0000,355.1000,527.3900,0.4852,30.1200,18.6500,0.6149,0.3033,46.1000,44.2994,,,,,0.4400,-0.3200,7.6400,1695116.0000,48.2393,60.2708,51.5352,,,
TXN,Texas Instruments,US,Semi-conducteurs,retenu,TTM,2026-06-30,19453.0000,6024.0000,7254.0000,8667.0000,0.5833,0.3729,0.1666,0.0030,0.0240,-0.0746,1.4387,0.8304,0,70.5390,,3.0000,281.6900,326.4800,0.1590,33.3200,28.6100,0.1645,1.7392,36.5200,42.7046,,,,,0.0000,0.0000,53.3200,257252.7300,26.7507,38.4420,49.3783,,,
LOGI,Logitech,CH,Hardware,retenu,TTM,2026-06-30,4920.0000,801.0000,872.0000,1079.0000,0.4512,0.1772,0.0663,0.0232,0.0333,-0.0715,1.3471,0.9186,0,56.9563,,3.0000,100.6700,108.4400,0.0772,17.2000,16.7600,0.0274,6.1279,17.9600,18.4234,,,,,0.0000,0.0000,-8.2100,14757.1100,50.7203,31.6393,48.7563,,,
MSFT,Microsoft,US,Logiciel / cloud,retenu,TTM,2026-06-30,331839.0000,133749.0000,155237.0000,182935.0000,0.6794,0.4678,0.1779,-0.0088,0.0116,-0.0714,1.3677,0.8616,0,61.5985,,3.0000,508.9600,564.9000,0.1099,25.9400,21.9100,0.1840,1.1908,22.5900,28.2567,,,,,0.0200,-0.0900,-1.7400,3779305.7500,46.5986,27.4710,48.5666,,,
MSI,Motorola Solutions,US,Équipements,retenu,TTM,2026-06-30,12236.0000,2134.0000,3048.0000,2974.0000,0.5199,0.2491,0.1030,0.0066,-0.0032,-0.0471,1.3936,0.7001,0,58.2130,,3.0000,446.1200,529.6400,0.1872,25.2100,23.4900,0.0741,3.1720,27.2100,34.5970,,,,,0.0000,0.0800,-2.4400,73830.0900,31.7927,48.0526,47.7468,,,
ANET,Arista Networks,US,Réseaux,retenu,TTM,2026-06-30,10541.0000,4045.0000,4547.0000,5307.0000,0.6300,0.4314,0.3257,-0.0124,-0.0000,-0.0627,1.3120,0.8896,0,55.2832,,1.0000,202.8600,244.4800,0.2052,49.7400,40.1100,0.2402,1.6699,72.3300,63.2514,,,,,0.0400,0.2000,39.2200,255852.0500,15.7463,71.0084,47.3534,,,
FTNT,Fortinet,US,Cybersécurité,retenu,TTM,2026-06-30,7528.0000,2121.0000,2442.0000,3397.0000,0.8019,0.3244,0.1878,-0.0111,0.0156,-0.1187,1.6016,0.8686,0,67.5151,,2.0000,175.9600,165.9100,-0.0571,51.3800,46.0900,0.1170,3.9407,56.8000,60.8695,,,,,0.5900,0.4600,109.2800,129104.2700,11.8848,51.0071,46.6990,,,
CDNS,Cadence Design,US,Logiciel EDA,retenu,TTM,2026-06-30,5837.0000,1378.0000,1769.0000,1855.0000,0.8588,0.3031,0.1472,0.0031,0.0257,-0.0442,1.3462,0.7790,0,59.6822,,3.0000,324.1700,412.5200,0.2725,39.9100,34.3600,0.1613,2.1298,51.1700,64.7853,,,,,0.0300,0.2100,-7.7100,89274.1600,16.8267,56.1358,45.9389,,,
NOW,ServiceNow,US,Logiciel,retenu,TTM,2026-06-30,14732.0000,1670.0000,1680.0000,5308.0000,0.7477,0.1140,0.2219,-0.0375,-0.0187,-0.1355,3.1784,0.9940,1,56.3943,,3.0000,129.9400,149.0000,0.1467,32.0000,26.1000,0.2266,1.1518,39.8300,80.4539,,,,,0.0000,0.0000,-29.4000,134357.9700,23.7495,37.7618,41.9427,,,
GOOGL,Alphabet,US,Internet,retenu,TTM,2026-06-30,445866.0000,244119.0000,147628.0000,185675.0000,0.6090,0.3311,0.2005,0.0195,0.0043,0.0821,0.7606,1.6536,2,22.5489,conversion cash faible; RN > ROP (gains non opérationnels); 2 trimestres dopés,3.0000,340.9200,433.8000,0.2724,16.5900,23.0100,-0.2788,0.9900,26.9000,17.0796,,,,,0.2600,0.4700,40.2400,4169451.7500,50.4402,59.3771,40.1233,,,
PANW,Palo Alto Networks,US,Cybersécurité,retenu,TTM,2026-07-31,11480.0000,307.0000,695.0000,4553.0000,0.7036,0.0605,0.2450,-0.0306,-0.0743,-0.1179,14.8306,0.4417,0,63.4236,marge op. en baisse,3.0000,388.4100,397.0700,0.0223,92.9500,79.0400,0.1746,4.5259,105.4100,1034.9165,,,,,1.5600,-0.3700,90.7500,317719.3800,2.0008,43.6508,40.0536,,,
AMZN,Amazon,US,Internet / cloud,retenu,TTM,2026-06-30,775680.0000,135281.0000,93712.0000,161403.0000,0.5077,0.1208,0.1577,0.0116,0.0071,-0.0294,1.1931,1.4436,1,32.3627,RN > ROP (gains non opérationnels),3.0000,246.6700,327.6700,0.3284,18.9600,23.4500,-0.1914,1.1800,18.4600,19.6677,,,,,-0.2600,-0.6300,12.3400,2660660.0000,51.6206,39.8226,40.0051,,,
AAPL,Apple,US,Hardware,retenu,TTM,2026-06-30,466823.0000,128930.0000,154859.0000,146724.0000,0.4865,0.3317,0.1424,0.0197,0.0131,-0.0498,1.1380,0.8326,0,59.6644,,3.0000,329.4000,331.3200,0.0058,37.2100,34.4900,0.0791,4.3605,39.3500,37.2863,,,,,0.0000,-0.1200,29.3600,4807322.5000,20.8283,19.3878,37.9444,,,
OKTA,Okta,US,Cybersécurité,retenu,TTM,2026-07-31,3073.0000,296.0000,232.0000,987.0000,0.7813,0.0755,0.1122,0.0122,0.0494,-0.0740,3.3345,1.2759,3,56.8831,RN > ROP (gains non opérationnels); 3 trimestres dopés,3.0000,204.8800,209.3900,0.0220,52.1700,46.1700,0.1298,3.5578,66.9600,121.0044,,,,,0.0000,0.0000,123.4200,35817.3100,5.9624,28.9182,34.6157,,,
ARM,Arm Holdings,GB,Semi-conducteurs (IP),retenu,TTM,2026-06-30,5156.0000,1044.0000,877.0000,2094.0000,0.9754,0.1701,0.2512,0.0040,-0.0151,-0.1020,2.0057,1.1904,2,56.2519,RN > ROP (gains non opérationnels); 2 trimestres dopés,3.0000,293.6700,291.0700,-0.0089,133.7900,95.6900,0.4018,2.3814,266.3200,300.4432,,,,,-0.0300,-0.8800,107.5600,313662.6900,3.9216,17.4003,30.8399,,,
IFNNY,Infineon,DE,Semi-conducteurs,retenu,TTM,2026-03-31,17514.0000,1266.0000,1990.0000,3315.0000,0.3939,0.1136,,,,-0.0606,2.6185,0.6362,0,68.1283,,,,,,,,,,,,,,,,,,,,,,,,,
BESIY,BE Semiconductor,NL,Équipement semi,retenu,TTM,2026-06-30,856.0000,243.0000,306.0000,286.0000,0.6414,0.3575,0.3049,0.0026,0.0450,-0.0335,1.1770,0.7941,0,58.4621,,,,,,,,,,,,,,,,,,,,,,,,,
LNVGY,Lenovo,CN,Hardware,retenu,TTM,2026-03-31,83074.0000,1912.0000,3262.0000,4024.0000,0.1542,0.0393,0.2026,-0.0065,0.0079,-0.0417,2.1046,0.5861,0,53.6894,,,,,,,,,,,,,,,,,,,,,,,,,
AMD,AMD,US,Semi-conducteurs,retenu,TTM,2026-06-30,41305.0000,6434.0000,6488.0000,10080.0000,0.5320,0.1571,0.3954,0.0558,0.0805,-0.0458,1.5667,0.9917,0,53.5398,,,,,,,,,,,,,,,,,,,,,,,,,
AKAM,Akamai,US,Infrastructure internet,retenu,TTM,2026-06-30,4324.0000,410.0000,455.0000,1448.0000,0.5742,0.1052,0.0590,-0.0172,-0.0234,-0.0811,3.5317,0.9011,0,53.5341,,,,,,,,,,,,,,,,,,,,,,,,,
ERIC,Ericsson,SE,Équipements télécom,retenu,TTM,2026-06-30,24242.0000,2573.0000,3520.0000,3484.0000,0.4699,0.1452,0.0226,0.0057,0.0400,-0.0310,1.3541,0.7310,0,53.4699,,,,,,,,,,,,,,,,,,,,,,,,,
APH,Amphenol,US,Composants,retenu,TTM,2026-06-30,29011.0000,5144.0000,7842.0000,5872.0000,0.3850,0.2703,0.5417,0.0377,0.0462,-0.0207,1.1415,0.6560,0,53.2253,,,,,,,,,,,,,,,,,,,,,,,,,
DDOG,Datadog,US,Logiciel,retenu,TTM,2026-06-30,3966.0000,179.0000,15.0000,1228.0000,0.7950,0.0038,0.3146,-0.0041,0.0097,-0.1569,6.8603,11.9333,4,52.6096,RN > ROP (gains non opérationnels); 4 trimestres dopés,,,,,,,,,,,,,,,,,,,,,,,,
PLTR,Palantir,US,Logiciel,retenu,TTM,2026-06-30,6156.0000,3018.0000,2634.0000,3399.0000,0.8481,0.4279,0.7885,0.0480,0.2626,-0.0400,1.1262,1.1458,0,51.8380,RN > ROP (gains non opérationnels),,,,,,,,,,,,,,,,,,,,,,,,
MNDY,monday.com,IL,Logiciel,retenu,TTM,2026-06-30,1367.0000,121.0000,18.0000,315.0000,0.8873,0.0132,0.2427,-0.0063,0.0304,-0.1083,2.6033,6.7222,4,51.7017,RN > ROP (gains non opérationnels); 4 trimestres dopés,,,,,,,,,,,,,,,,,,,,,,,,
MU,Micron,US,Mémoire,retenu,TTM,2026-05-31,90274.0000,50469.0000,59243.0000,51432.0000,0.7257,0.6563,1.6698,0.3544,0.4304,-0.0091,1.0191,0.8519,0,51.4048,,,,,,,,,,,,,,,,,,,,,,,,,
FFIV,F5,US,Réseaux,retenu,TTM,2026-06-30,3309.0000,726.0000,812.0000,1049.0000,0.8190,0.2454,0.0942,0.0085,-0.0030,-0.0499,1.4449,0.8941,0,51.2224,,,,,,,,,,,,,,,,,,,,,,,,,
INFY,Infosys,IN,Services IT,retenu,TTM,2026-06-30,20299.0000,3323.0000,4129.0000,4092.0000,0.3032,0.2034,0.0408,-0.0015,-0.0071,-0.0455,1.2314,0.8048,0,50.4224,,,,,,,,,,,,,,,,,,,,,,,,,
TCEHY,Tencent,CN,Internet,retenu,TTM,2025-12-31,104570.0000,31276.0000,33601.0000,42155.0000,0.5621,0.3213,,,,-0.0409,1.3478,0.9308,0,50.1604,,,,,,,,,,,,,,,,,,,,,,,,,
CRM,Salesforce,US,Logiciel,retenu,TTM,2026-07-31,43938.0000,9662.0000,8735.0000,15750.0000,0.7728,0.1988,0.1123,-0.0037,-0.0034,-0.0588,1.6301,1.1061,1,49.4737,RN > ROP (gains non opérationnels),,,,,,,,,,,,,,,,,,,,,,,,
NXPI,NXP Semiconductors,NL,Semi-conducteurs,retenu,TTM,2026-06-30,13185.0000,2975.0000,4213.0000,3129.0000,0.5600,0.3195,0.0877,0.0101,0.0659,-0.0059,1.0518,0.7061,0,49.4353,,,,,,,,,,,,,,,,,,,,,,,,,
CTSH,Cognizant,US,Services IT,retenu,TTM,2026-06-30,21642.0000,2220.0000,3436.0000,2917.0000,0.3344,0.1588,0.0564,-0.0074,0.0046,-0.0340,1.3140,0.6461,0,48.8139,,,,,,,,,,,,,,,,,,,,,,,,,
SNDK,SanDisk,US,Mémoire,retenu,TTM,2026-06-30,20248.0000,11433.0000,12389.0000,11671.0000,0.7147,0.6119,1.7530,0.4140,0.7991,-0.0134,1.0208,0.9228,0,48.6364,,,,,,,,,,,,,,,,,,,,,,,,,
APP,AppLovin,US,Logiciel adtech,retenu,TTM,2026-06-30,6829.0000,4411.0000,5288.0000,4527.0000,0.8846,0.7743,0.7632,-0.0090,0.0036,-0.0163,1.0263,0.8342,0,48.5309,,,,,,,,,,,,,,,,,,,,,,,,,
ATEYY,Advantest,JP,Équipement test,retenu,Exercice,2026-03-31,7449.0000,2477.0000,3294.0000,2212.0000,0.6433,0.4422,0.4475,0.0724,0.1496,0.0396,0.8930,0.7520,0,48.3861,,,,,,,,,,,,,,,,,,,,,,,,,
SAP,SAP,DE,Logiciel,retenu,TTM,2026-06-30,44561.0000,9096.0000,11916.0000,10894.0000,0.7277,0.2674,0.1406,-0.0074,0.0158,-0.0217,1.1977,0.7633,0,48.0246,,,,,,,,,,,,,,,,,,,,,,,,,
CGEMY,Capgemini,FR,Services IT,retenu,Exercice,2025-12-31,25417.0000,1811.0000,2488.0000,2808.0000,0.2704,0.0979,0.0630,-0.0035,-0.0087,-0.0329,1.5505,0.7279,0,46.9550,,,,,,,,,,,,,,,,,,,,,,,,,
FLEX,Flex,SG,Sous-traitance électronique,retenu,TTM,2026-06-30,29267.0000,973.0000,1449.0000,1562.0000,0.0937,0.0495,0.1225,0.0070,0.0017,-0.0266,1.6053,0.6715,0,46.8277,,,,,,,,,,,,,,,,,,,,,,,,,
DASTY,Dassault Systèmes,FR,Logiciel,retenu,TTM,2026-06-30,7246.0000,1538.0000,1761.0000,1980.0000,0.8423,0.2430,0.0549,0.0078,0.0366,-0.0250,1.2874,0.8734,0,46.1612,,,,,,,,,,,,,,,,,,,,,,,,,
QCOM,Qualcomm,US,Semi-conducteurs,retenu,TTM,2026-06-30,44069.0000,9259.0000,10219.0000,12401.0000,0.5423,0.2319,0.0187,-0.0145,-0.0460,-0.0560,1.3393,0.9061,1,45.5333,marge op. en baisse,,,,,,,,,,,,,,,,,,,,,,,,
KEYS,Keysight,US,Instruments,retenu,TTM,2026-07-31,6582.0000,1260.0000,1333.0000,1604.0000,0.6469,0.2025,0.2554,0.0232,0.0330,-0.0305,1.2730,0.9452,0,44.2257,,,,,,,,,,,,,,,,,,,,,,,,,
EPAM,EPAM Systems,US,Services IT,retenu,TTM,2026-06-30,5617.0000,402.0000,563.0000,539.0000,0.2941,0.1002,0.1077,-0.0062,-0.0061,-0.0295,1.3408,0.7140,0,43.2277,,,,,,,,,,,,,,,,,,,,,,,,,
ASML,ASML,NL,Équipement semi,retenu,TTM,2026-06-30,41177.0000,12409.0000,14591.0000,12979.0000,0.5276,0.3543,0.1763,0.0024,0.0063,-0.0104,1.0459,0.8505,0,41.4013,,,,,,,,,,,,,,,,,,,,,,,,,
IBM,IBM,US,Services IT / logiciel,retenu,TTM,2026-06-30,69096.0000,10725.0000,11112.0000,14888.0000,0.5810,0.1608,0.0790,0.0053,0.0158,-0.0277,1.3882,0.9652,1,41.0820,,,,,,,,,,,,,,,,,,,,,,,,,
NOK,Nokia,FI,Équipements télécom,retenu,TTM,2026-06-30,23577.0000,799.0000,977.0000,1283.0000,0.4436,0.0414,0.1385,-0.0025,-0.0216,-0.0115,1.6058,0.8178,2,40.6233,2 trimestres dopés,,,,,,,,,,,,,,,,,,,,,,,,
UMC,United Microelectronics,TW,Fonderie,retenu,TTM,2026-06-30,8012.0000,2611.0000,1582.0000,3455.0000,0.3058,0.1975,0.1034,0.0068,0.0015,-0.0434,1.3232,1.6504,3,39.3689,RN > ROP (gains non opérationnels); 3 trimestres dopés,,,,,,,,,,,,,,,,,,,,,,,,
CSCO,Cisco,US,Réseaux,retenu,TTM,2026-07-31,63325.0000,13267.0000,15368.0000,14177.0000,0.6452,0.2427,0.1177,-0.0041,0.0351,-0.0072,1.0686,0.8633,0,38.9571,,,,,,,,,,,,,,,,,,,,,,,,,
GRMN,Garmin,CH,Électronique,retenu,TTM,2026-06-30,7671.0000,1878.0000,2119.0000,1979.0000,0.6007,0.2762,0.1349,0.0113,0.0161,-0.0093,1.0538,0.8863,0,38.8444,,,,,,,,,,,,,,,,,,,,,,,,,
TER,Teradyne,US,Équipement test,retenu,TTM,2026-06-30,4463.0000,1151.0000,1349.0000,1064.0000,0.5927,0.3023,0.5781,0.0014,0.1191,0.0200,0.9244,0.8532,0,38.8193,,,,,,,,,,,,,,,,,,,,,,,,,
MPWR,Monolithic Power,US,Semi-conducteurs,retenu,TTM,2026-06-30,3273.0000,801.0000,940.0000,822.0000,0.5518,0.2872,0.2861,-0.0007,0.0275,-0.0049,1.0262,0.8521,0,38.1264,,,,,,,,,,,,,,,,,,,,,,,,,
DELL,Dell Technologies,US,Hardware,retenu,TTM,2026-07-31,151197.0000,11378.0000,14252.0000,12152.0000,0.1980,0.0943,0.4903,-0.0132,0.0271,-0.0071,1.0680,0.7983,0,36.8991,,,,,,,,,,,,,,,,,,,,,,,,,
SNPS,Synopsys,US,Logiciel EDA,retenu,TTM,2026-07-31,9417.0000,1077.0000,801.0000,2939.0000,0.7236,0.0851,0.4634,-0.0676,-0.0865,-0.0388,2.7289,1.3446,2,36.6886,RN > ROP (gains non opérationnels); 2 trimestres dopés; marge op. en baisse,,,,,,,,,,,,,,,,,,,,,,,,
KLAC,KLA,US,Équipement semi,retenu,TTM,2026-06-30,13580.0000,4831.0000,5661.0000,4143.0000,0.6130,0.4169,0.1171,0.0040,0.0241,0.0404,0.8576,0.8534,0,35.5047,,,,,,,,,,,,,,,,,,,,,,,,,
CRDO,Credo Technology,US,Semi-conducteurs,retenu,TTM,2026-07-31,1591.0000,538.0000,506.0000,500.0000,0.6706,0.3180,1.6517,0.0106,0.1297,0.0194,0.9294,1.0632,0,35.1949,RN > ROP (gains non opérationnels),,,,,,,,,,,,,,,,,,,,,,,,
CLS,Celestica,CA,Sous-traitance électronique,retenu,TTM,2026-06-30,15595.0000,1117.0000,1369.0000,1144.0000,0.1195,0.0878,0.4729,0.0059,0.0176,-0.0034,1.0242,0.8159,0,35.0948,,,,,,,,,,,,,,,,,,,,,,,,,
SHOP,Shopify,CA,Logiciel e-commerce,retenu,TTM,2026-06-30,13269.0000,1928.0000,1844.0000,2377.0000,0.4777,0.1390,0.3250,-0.0158,0.0149,-0.0309,1.2329,1.0456,1,34.4080,RN > ROP (gains non opérationnels),,,,,,,,,,,,,,,,,,,,,,,,
LRCX,Lam Research,US,Équipement semi,retenu,TTM,2026-06-30,23232.0000,7265.0000,8199.0000,5858.0000,0.5047,0.3529,0.2602,0.0176,0.0328,0.0627,0.8063,0.8861,0,33.6674,,,,,,,,,,,,,,,,,,,,,,,,,
PTC,PTC,US,Logiciel,retenu,TTM,2026-06-30,2954.0000,1225.0000,1118.0000,955.0000,0.8450,0.3785,0.1950,0.0234,0.0779,0.0424,0.7796,1.0957,1,32.8383,conversion cash faible; RN > ROP (gains non opérationnels),,,,,,,,,,,,,,,,,,,,,,,,
ROP,Roper Technologies,US,Logiciel,retenu,TTM,2026-06-30,8281.0000,2505.0000,2316.0000,2669.0000,0.6952,0.2797,0.1087,0.0066,-0.0010,-0.0048,1.0655,1.0816,1,30.8553,RN > ROP (gains non opérationnels),,,,,,,,,,,,,,,,,,,,,,,,
WIT,Wipro,IN,Services IT,retenu,TTM,2026-06-30,9875.0000,1374.0000,1609.0000,1459.0000,0.2904,0.1629,-0.0481,-0.0131,-0.0063,-0.0058,1.0619,0.8539,0,30.0691,,,,,,,,,,,,,,,,,,,,,,,,,
CHKP,Check Point,IL,Cybersécurité,retenu,TTM,2026-06-30,2765.0000,1050.0000,802.0000,1133.0000,0.8749,0.2901,0.0466,-0.0052,-0.0404,-0.0126,1.0790,1.3092,2,29.1508,RN > ROP (gains non opérationnels); 2 trimestres dopés; marge op. en baisse,,,,,,,,,,,,,,,,,,,,,,,,
ASMIY,ASM International,NL,Équipement semi,retenu,TTM,2026-06-30,3932.0000,1230.0000,1188.0000,1130.0000,0.5188,0.3021,0.1070,0.0062,0.0074,0.0156,0.9187,1.0354,1,28.9287,RN > ROP (gains non opérationnels),,,,,,,,,,,,,,,,,,,,,,,,
CDW,CDW,US,Distribution IT,retenu,TTM,2026-06-30,23500.0000,1080.0000,1679.0000,982.0000,0.2136,0.0714,0.0741,-0.0021,-0.0050,0.0060,0.9093,0.6432,0,28.7457,,,,,,,,,,,,,,,,,,,,,,,,,
MRVL,Marvell,US,Semi-conducteurs,retenu,TTM,2026-07-31,9451.0000,2640.0000,1561.0000,2200.0000,0.5222,0.1652,0.3065,0.0758,0.1523,0.0183,0.8333,1.6912,1,28.1193,RN > ROP (gains non opérationnels),,,,,,,,,,,,,,,,,,,,,,,,
ALAB,Astera Labs,US,Semi-conducteurs,retenu,TTM,2026-06-30,1202.0000,369.0000,273.0000,335.0000,0.7512,0.2271,0.9868,-0.0041,0.1577,0.0212,0.9079,1.3516,2,27.0876,RN > ROP (gains non opérationnels); 2 trimestres dopés,,,,,,,,,,,,,,,,,,,,,,,,
WDC,Western Digital,US,Stockage,retenu,TTM,2026-06-30,12919.0000,9424.0000,4453.0000,3929.0000,0.4885,0.3447,0.3570,0.1007,0.0995,0.3944,0.4169,2.1163,4,27.0526,accruals élevés; conversion cash faible; RN > ROP (gains non opérationnels); 4 trimestres dopés,,,,,,,,,,,,,,,,,,,,,,,,
AMAT,Applied Materials,US,Équipement semi,retenu,TTM,2026-07-31,30837.0000,9267.0000,9141.0000,8396.0000,0.4940,0.2964,0.0777,0.0090,-0.0049,0.0224,0.9060,1.0138,0,25.8957,RN > ROP (gains non opérationnels),,,,,,,,,,,,,,,,,,,,,,,,
COHR,Coherent,US,Optique,retenu,TTM,2026-06-30,7119.0000,770.0000,838.0000,80.0000,0.3749,0.1177,0.2253,0.0233,0.0532,0.0416,0.1039,0.9189,0,24.7707,conversion cash faible,,,,,,,,,,,,,,,,,,,,,,,,
SMCI,Super Micro Computer,US,Hardware,retenu,TTM,2026-06-30,39063.0000,2230.0000,2770.0000,-6810.0000,0.1082,0.0709,0.7779,-0.0024,0.0139,0.4113,-3.0538,0.8051,0,23.0829,accruals élevés; conversion cash faible,,,,,,,,,,,,,,,,,,,,,,,,
ZM,Zoom Communications,US,Logiciel,retenu,TTM,2026-07-31,4993.0000,3255.0000,1184.0000,2000.0000,0.7729,0.2371,0.0503,0.0091,0.0327,0.1019,0.6144,2.7492,4,20.0096,accruals élevés; conversion cash faible; RN > ROP (gains non opérationnels); 4 trimestres dopés,,,,,,,,,,,,,,,,,,,,,,,,
TWLO,Twilio,US,Logiciel,retenu,TTM,2026-06-30,5572.0000,1148.0000,291.0000,1061.0000,0.4853,0.0522,0.1783,-0.0146,0.0376,0.0084,0.9242,3.9450,1,17.2075,RN > ROP (gains non opérationnels),,,,,,,,,,,,,,,,,,,,,,,,
BABA,Alibaba,CN,Internet / cloud,retenu,TTM,2026-06-30,153469.0000,10887.0000,6657.0000,11545.0000,0.3826,0.0434,0.1089,-0.0294,-0.1026,-0.0024,1.0604,1.6354,2,13.3722,RN > ROP (gains non opérationnels); 2 trimestres dopés; marge op. en baisse,,,,,,,,,,,,,,,,,,,,,,,,
NTDOY,Nintendo,JP,Jeux,retenu,Exercice,2026-03-31,15266.0000,2799.0000,2377.0000,1913.0000,0.3930,0.1557,0.9857,-0.2167,-0.0869,0.0373,0.6835,1.1775,0,12.5025,conversion cash faible; RN > ROP (gains non opérationnels); marge op. en baisse,,,,,,,,,,,,,,,,,,,,,,,,
NTNX,Nutanix,US,Logiciel,retenu,TTM,2026-07-31,2854.0000,1507.0000,274.0000,917.0000,0.8679,0.0960,0.1245,0.0003,0.0282,0.1412,0.6085,5.5000,1,11.9531,accruals élevés; conversion cash faible; RN > ROP (gains non opérationnels),,,,,,,,,,,,,,,,,,,,,,,,
KYCCF,Keyence,JP,Automatisation,exclu : données périmées,Exercice,2025-03-31,7061.0000,2658.0000,3665.0000,2730.0000,0.8381,0.5190,0.0876,0.0085,0.0073,-0.0034,1.0271,0.7252,0,,,,,,,,,,,,,,,,,,,,,,,,,,
CRWD,CrowdStrike,US,Cybersécurité,exclu : résultat opérationnel TTM négatif,TTM,2026-07-31,5396.0000,45.0000,-133.0000,2016.0000,0.7519,-0.0246,0.2430,0.0108,0.0585,-0.1849,44.8000,,3,,,,,,,,,,,,,,,,,,,,,,,,,,
INTC,Intel,US,Semi-conducteurs,exclu : résultat net TTM négatif,TTM,2026-06-30,57032.0000,-11289.0000,-77.0000,14936.0000,0.3860,-0.0014,0.0747,0.0884,0.2271,-0.1328,,,1,,,,,,,,,,,,,,,,,,,,,,,,,,
SNOW,Snowflake,US,Logiciel,exclu : résultat net TTM négatif,TTM,2026-07-31,5435.0000,-1092.0000,-1236.0000,1254.0000,0.6703,-0.2274,0.3205,0.0043,0.1465,-0.2778,,,0,,,,,,,,,,,,,,,,,,,,,,,,,,
ZS,Zscaler,US,Cybersécurité,exclu : résultat net TTM négatif,TTM,2026-07-31,3352.0000,-63.0000,-133.0000,1130.0000,0.7679,-0.0397,0.2540,-0.0005,0.0082,-0.1670,,,0,,,,,,,,,,,,,,,,,,,,,,,,,,
NET,Cloudflare,US,Logiciel,exclu : résultat net TTM négatif,TTM,2026-06-30,2513.0000,-206.0000,-354.0000,633.0000,0.7262,-0.1409,0.3360,-0.0356,-0.0420,-0.1394,,,0,,,,,,,,,,,,,,,,,,,,,,,,,,
TEAM,Atlassian,US,Logiciel,exclu : résultat net TTM négatif,TTM,2026-06-30,6572.0000,-54.0000,11.0000,1353.0000,0.8484,0.0017,0.2602,0.0201,0.0264,-0.2317,,-4.9091,0,,,,,,,,,,,,,,,,,,,,,,,,,,
SONY,Sony,JP,Électronique / divertissement,exclu : résultat net TTM négatif,TTM,2026-06-30,82155.0000,-1636.0000,10210.0000,13551.0000,0.3176,0.1243,-0.0258,-0.0070,0.0075,-0.0884,,-0.1602,0,,,,,,,,,,,,,,,,,,,,,,,,,,
WIX,Wix.com,IL,Logiciel,exclu : résultat net TTM négatif,TTM,2026-06-30,2133.0000,-174.0000,-209.0000,421.0000,0.6662,-0.0980,0.1413,-0.0181,-0.1745,-0.3094,,,0,,,,,,,,,,,,,,,,,,,,,,,,,,
BIDU,Baidu,CN,Internet,exclu : résultat opérationnel TTM négatif,TTM,2025-12-31,18458.0000,799.0000,-833.0000,-431.0000,0.4388,-0.0451,,,,0.0200,-0.5394,,3,,,,,,,,,,,,,,,,,,,,,,,,,,
LITE,Lumentum,US,Optique,exclu : résultat net TTM négatif,TTM,2026-06-30,3014.0000,-6935.0000,525.0000,751.0000,0.4167,0.1742,0.8322,0.1365,0.2836,-1.3336,,-13.2095,0,,,,,,,,,,,,,,,,,,,,,,,,,,
MDB,MongoDB,US,Logiciel,exclu : résultat opérationnel TTM négatif,TTM,2026-07-31,2783.0000,59.0000,-15.0000,667.0000,0.7269,-0.0054,0.2553,0.0034,0.0695,-0.1661,11.3051,,3,,,,,,,,,,,,,,,,,,,,,,,,,,
TRMB,Trimble,US,Logiciel / instruments,exclu : résultat net TTM négatif,TTM,2026-06-30,3783.0000,-104.0000,643.0000,799.0000,0.6979,0.1700,0.0579,0.0222,0.0257,-0.1024,,-0.1617,0,,,,,,,,,,,,,,,,,,,,,,,,,,
HNHPF,Hon Hai (Foxconn),TW,Sous-traitance électronique,exclu : données périmées,Exercice,2024-12-31,213334.0000,4749.0000,6239.0000,5163.0000,0.0625,0.0292,,,,-0.0030,1.0872,0.7612,0,,,,,,,,,,,,,,,,,,,,,,,,,,
ADYEY,Adyen,NL,Paiements,exclu : données périmées,Exercice,2024-12-31,2408.0000,1001.0000,961.0000,1293.0000,0.8933,0.3991,,,,-0.0236,1.2917,1.0416,0,,,,,,,,,,,,,,,,,,,,,,,,,,
