ponderation,rang,ticker,score
base 40/20/20/20,1,GDDY,76.78
base 40/20/20/20,2,GEN,74.64
base 40/20/20/20,3,INTU,72.68
base 40/20/20/20,4,ADBE,72.35
base 40/20/20/20,5,OTEX,65.73
base 40/20/20/20,6,HPQ,63.41
base 40/20/20/20,7,DOCU,63.02
base 40/20/20/20,8,NTES,62.66
base 40/20/20/20,9,GIB,62.09
base 40/20/20/20,10,IT,61.73
base 40/20/20/20,11,FICO,59.41
base 40/20/20/20,12,ADSK,58.69
base 40/20/20/20,13,HPE,55.20
base 40/20/20/20,14,NICE,54.28
base 40/20/20/20,15,JBL,53.99
base 40/20/20/20,16,VRSN,52.59
base 40/20/20/20,17,CNSWF,49.81
base 40/20/20/20,18,GFS,49.69
base 40/20/20/20,19,CIEN,48.15
égal 25/25/25/25,1,GEN,78.23
égal 25/25/25/25,2,GDDY,77.78
égal 25/25/25/25,3,INTU,72.24
égal 25/25/25/25,4,ADBE,70.82
égal 25/25/25/25,5,OTEX,67.91
égal 25/25/25/25,6,HPQ,65.81
égal 25/25/25/25,7,GIB,63.84
égal 25/25/25/25,8,IT,60.75
égal 25/25/25/25,9,DOCU,59.75
égal 25/25/25/25,10,NTES,59.14
égal 25/25/25/25,11,FICO,55.56
égal 25/25/25/25,12,HPE,55.12
égal 25/25/25/25,13,ADSK,54.45
égal 25/25/25/25,14,NICE,54.26
égal 25/25/25/25,15,JBL,53.39
égal 25/25/25/25,16,VRSN,47.32
égal 25/25/25/25,17,GFS,45.81
égal 25/25/25/25,18,CIEN,45.23
égal 25/25/25/25,19,CNSWF,44.49
qualité 55/15/15/15,1,GDDY,75.78
qualité 55/15/15/15,2,ADBE,73.87
qualité 55/15/15/15,3,INTU,73.12
qualité 55/15/15/15,4,GEN,71.05
qualité 55/15/15/15,5,DOCU,66.30
qualité 55/15/15/15,6,NTES,66.19
qualité 55/15/15/15,7,OTEX,63.54
qualité 55/15/15/15,8,FICO,63.26
qualité 55/15/15/15,9,ADSK,62.92
qualité 55/15/15/15,10,IT,62.71
qualité 55/15/15/15,11,HPQ,61.01
qualité 55/15/15/15,12,GIB,60.35
qualité 55/15/15/15,13,VRSN,57.86
qualité 55/15/15/15,14,HPE,55.28
qualité 55/15/15/15,15,CNSWF,55.14
qualité 55/15/15/15,16,JBL,54.59
qualité 55/15/15/15,17,NICE,54.29
qualité 55/15/15/15,18,GFS,53.56
qualité 55/15/15/15,19,CIEN,51.07
sans momentum 50/25/25/0,1,GDDY,81.15
sans momentum 50/25/25/0,2,ADBE,77.30
sans momentum 50/25/25/0,3,INTU,74.46
sans momentum 50/25/25/0,4,OTEX,74.21
sans momentum 50/25/25/0,5,GEN,73.22
sans momentum 50/25/25/0,6,GIB,69.08
sans momentum 50/25/25/0,7,NTES,69.02
sans momentum 50/25/25/0,8,IT,68.55
sans momentum 50/25/25/0,9,HPQ,68.48
sans momentum 50/25/25/0,10,DOCU,66.71
sans momentum 50/25/25/0,11,FICO,65.03
sans momentum 50/25/25/0,12,ADSK,61.38
sans momentum 50/25/25/0,13,NICE,60.33
sans momentum 50/25/25/0,14,CNSWF,52.95
sans momentum 50/25/25/0,15,HPE,50.68
sans momentum 50/25/25/0,16,GFS,49.62
sans momentum 50/25/25/0,17,VRSN,47.91
sans momentum 50/25/25/0,18,JBL,46.97
sans momentum 50/25/25/0,19,CIEN,36.78
valeur 30/30/30/10,1,GDDY,81.48
valeur 30/30/30/10,2,GEN,77.82
valeur 30/30/30/10,3,OTEX,75.13
valeur 30/30/30/10,4,ADBE,74.48
valeur 30/30/30/10,5,INTU,73.58
valeur 30/30/30/10,6,HPQ,70.34
valeur 30/30/30/10,7,GIB,69.78
valeur 30/30/30/10,8,IT,66.01
valeur 30/30/30/10,9,NTES,63.52
valeur 30/30/30/10,10,DOCU,62.04
valeur 30/30/30/10,11,FICO,59.28
valeur 30/30/30/10,12,NICE,59.10
valeur 30/30/30/10,13,ADSK,55.76
valeur 30/30/30/10,14,HPE,51.49
valeur 30/30/30/10,15,JBL,47.65
valeur 30/30/30/10,16,CNSWF,45.94
valeur 30/30/30/10,17,GFS,44.99
valeur 30/30/30/10,18,VRSN,42.52
valeur 30/30/30/10,19,CIEN,35.55
cash 35/35/15/15,1,GDDY,80.12
cash 35/35/15/15,2,GEN,74.55
cash 35/35/15/15,3,INTU,72.67
cash 35/35/15/15,4,OTEX,72.15
cash 35/35/15/15,5,ADBE,71.52
cash 35/35/15/15,6,HPQ,68.03
cash 35/35/15/15,7,GIB,65.99
cash 35/35/15/15,8,DOCU,62.19
cash 35/35/15/15,9,IT,61.80
cash 35/35/15/15,10,NTES,60.84
cash 35/35/15/15,11,FICO,56.08
cash 35/35/15/15,12,ADSK,54.47
cash 35/35/15/15,13,NICE,52.31
cash 35/35/15/15,14,HPE,48.62
cash 35/35/15/15,15,JBL,46.65
cash 35/35/15/15,16,CNSWF,46.47
cash 35/35/15/15,17,VRSN,45.35
cash 35/35/15/15,18,GFS,41.64
cash 35/35/15/15,19,CIEN,39.11
